title,address,station,photo,station_name,walk_time
ビューノ八重洲通り,東京都中央区八丁堀2丁目,東京メトロ日比谷線 八丁堀駅 徒歩3分,https://image.homes.jp/smallimg/image.php?file=http%3A%2F%2Fimg.homes.jp%2F148961%2Frent%2F3446%2F2%2F1%2Fbjbo.jpg,東京メトロ日比谷線 八丁堀駅,3
ビューノ八重洲通り,東京都中央区八丁堀2丁目, JR山手線 東京駅 徒歩10分,https://image.homes.jp/smallimg/image.php?file=http%3A%2F%2Fimg.homes.jp%2F148961%2Frent%2F3446%2F2%2F1%2Fbjbo.jpg,JR山手線 東京駅,10
ロッツエン八丁堀,東京都中央区八丁堀1丁目8-1,JR山手線 東京駅 徒歩11分,https://image.homes.jp/smallimg/image.php?file=http%3A%2F%2Fimg.homes.jp%2F126532%2Frent%2F330900%2F2%2F2%2Fb0wv.jpg,JR山手線 東京駅,11
ロッツエン八丁堀,東京都中央区八丁堀1丁目8-1, JR山手線 東京駅 徒歩11分,https://image.homes.jp/smallimg/image.php?file=http%3A%2F%2Fimg.homes.jp%2F126532%2Frent%2F330900%2F2%2F2%2Fb0wv.jpg,JR山手線 東京駅,11
Log新川／ログ新川,東京都中央区新川2丁目20-10,JR京葉線 八丁堀駅 徒歩3分,https://image1.homes.jp/smallimg/image.php?file=http%3A%2F%2Fimg.homes.jp%2F133035%2Frent%2F20195%2F2%2F1%2Fkqbl.jpg,JR京葉線 八丁堀駅,3
Log新川／ログ新川,東京都中央区新川2丁目20-10, JR山手線 東京駅 徒歩20分,https://image1.homes.jp/smallimg/image.php?file=http%3A%2F%2Fimg.homes.jp%2F133035%2Frent%2F20195%2F2%2F1%2Fkqbl.jpg,JR山手線 東京駅,20
パークアクシス日本橋茅場町,東京都中央区日本橋茅場町2丁目3-10,東京メトロ日比谷線 茅場町駅 徒歩3分,https://image1.homes.jp/smallimg/image.php?file=http%3A%2F%2Fimage.homes.renters.jp%2F7cc7b62c-ba44-41db-b1aa-c265a1c04e6b_property_picture_2386_large.jpg,東京メトロ日比谷線 茅場町駅,3
パークアクシス日本橋茅場町,東京都中央区日本橋茅場町2丁目3-10, JR山手線 東京駅 徒歩11分,https://image1.homes.jp/smallimg/image.php?file=http%3A%2F%2Fimage.homes.renters.jp%2F7cc7b62c-ba44-41db-b1aa-c265a1c04e6b_property_picture_2386_large.jpg,JR山手線 東京駅,11
パークアクシス日本橋茅場町,東京都中央区日本橋茅場町2丁目3-10, 東京地下鉄銀座線 日本橋 徒歩6分,https://image1.homes.jp/smallimg/image.php?file=http%3A%2F%2Fimage.homes.renters.jp%2F7cc7b62c-ba44-41db-b1aa-c265a1c04e6b_property_picture_2386_large.jpg,東京地下鉄銀座線 日本橋,6
パークアクシス日本橋兜町,東京都中央区日本橋兜町20-7,東京メトロ日比谷線 茅場町駅 徒歩4分,https://image3.homes.jp/smallimg/image.php?file=http%3A%2F%2Fimg.homes.jp%2F115120%2Frent%2F410199%2F2%2F2%2Fa4tu.jpg,東京メトロ日比谷線 茅場町駅,4
パークアクシス日本橋兜町,東京都中央区日本橋兜町20-7, JR山手線 東京駅 徒歩12分,https://image3.homes.jp/smallimg/image.php?file=http%3A%2F%2Fimg.homes.jp%2F115120%2Frent%2F410199%2F2%2F2%2Fa4tu.jpg,JR山手線 東京駅,12
グランスイート東京,東京都中央区八丁堀2丁目,JR東海道本線 東京駅 徒歩10分,https://image.homes.jp/smallimg/image.php?file=http%3A%2F%2Fimg.homes.jp%2F137113%2Frent%2F21874%2F2%2F1%2Fto14.jpg,JR東海道本線 東京駅,10
グランスイート東京,東京都中央区八丁堀2丁目, JR京浜東北・根岸線 東京駅 徒歩10分,https://image.homes.jp/smallimg/image.php?file=http%3A%2F%2Fimg.homes.jp%2F137113%2Frent%2F21874%2F2%2F1%2Fto14.jpg,JR京浜東北・根岸線 東京駅,10
アンプルールベトントウキョウ　Empereur Beton,東京都中央区八丁堀2丁目,JR山手線 東京駅 徒歩9分,https://image2.homes.jp/smallimg/image.php?file=http%3A%2F%2Fimage.homes.renters.jp%2F9a3fe32f-2624-4cec-899a-0afd63f166f5_property_picture_6553_large.jpg,JR山手線 東京駅,9
アンプルールベトントウキョウ　Empereur Beton,東京都中央区八丁堀2丁目, 東京メトロ銀座線 京橋駅 徒歩6分,https://image2.homes.jp/smallimg/image.php?file=http%3A%2F%2Fimage.homes.renters.jp%2F9a3fe32f-2624-4cec-899a-0afd63f166f5_property_picture_6553_large.jpg,東京メトロ銀座線 京橋駅,6
アンプルールベトントウキョウ　Empereur Beton,東京都中央区八丁堀2丁目, 東京地下鉄日比谷線 八丁堀 徒歩3分,https://image2.homes.jp/smallimg/image.php?file=http%3A%2F%2Fimage.homes.renters.jp%2F9a3fe32f-2624-4cec-899a-0afd63f166f5_property_picture_6553_large.jpg,東京地下鉄日比谷線 八丁堀,3
エグゼトゥール日本橋,東京都中央区日本橋2丁目10-3,東京メトロ銀座線 日本橋駅 徒歩1分,https://image2.homes.jp/smallimg/image.php?file=http%3A%2F%2Fimg.homes.jp%2F115120%2Frent%2F399533%2F2%2F2%2Fwx9t.jpg,東京メトロ銀座線 日本橋駅,1
エグゼトゥール日本橋,東京都中央区日本橋2丁目10-3, JR山手線 東京駅 徒歩10分,https://image2.homes.jp/smallimg/image.php?file=http%3A%2F%2Fimg.homes.jp%2F115120%2Frent%2F399533%2F2%2F2%2Fwx9t.jpg,JR山手線 東京駅,10
アヴィニティー銀座東,東京都中央区八丁堀2丁目,JR山手線 東京駅 徒歩10分,https://image1.homes.jp/smallimg/image.php?file=http%3A%2F%2Fimg.homes.jp%2F101709%2Frent%2F101253%2F2%2F1%2F5k7r.jpg,JR山手線 東京駅,10
アヴィニティー銀座東,東京都中央区八丁堀2丁目, 東京メトロ日比谷線 八丁堀駅 徒歩5分,https://image1.homes.jp/smallimg/image.php?file=http%3A%2F%2Fimg.homes.jp%2F101709%2Frent%2F101253%2F2%2F1%2F5k7r.jpg,東京メトロ日比谷線 八丁堀駅,5
トーシンフェニックス日本橋兜町壱番館,東京都中央区日本橋兜町19-2,東京メトロ銀座線 日本橋駅 徒歩5分,https://image1.homes.jp/smallimg/image.php?file=http%3A%2F%2Fimg.homes.jp%2F120695%2Frent%2F407180%2F2%2F2%2F26af.jpg,東京メトロ銀座線 日本橋駅,5
トーシンフェニックス日本橋兜町壱番館,東京都中央区日本橋兜町19-2, JR山手線 東京駅 徒歩9分,https://image1.homes.jp/smallimg/image.php?file=http%3A%2F%2Fimg.homes.jp%2F120695%2Frent%2F407180%2F2%2F2%2F26af.jpg,JR山手線 東京駅,9
シンシア日本橋兜町,東京都中央区日本橋2丁目16-13,東京メトロ東西線 日本橋駅 徒歩2分,https://image.homes.jp/smallimg/image.php?file=http%3A%2F%2Fimg.homes.jp%2F145079%2Frent%2F10181%2F2%2F2%2Fib0d.jpg,東京メトロ東西線 日本橋駅,2
シンシア日本橋兜町,東京都中央区日本橋2丁目16-13, JR山手線 東京駅 徒歩11分,https://image.homes.jp/smallimg/image.php?file=http%3A%2F%2Fimg.homes.jp%2F145079%2Frent%2F10181%2F2%2F2%2Fib0d.jpg,JR山手線 東京駅,11
シンシア日本橋兜町,東京都中央区日本橋2丁目16-13, 東京地下鉄銀座線 三越前駅 徒歩7分,https://image.homes.jp/smallimg/image.php?file=http%3A%2F%2Fimg.homes.jp%2F145079%2Frent%2F10181%2F2%2F2%2Fib0d.jpg,東京地下鉄銀座線 三越前駅,7
ラング・タワー京橋,東京都中央区京橋2丁目6-5,JR山手線 東京駅 徒歩5分,https://image.homes.jp/smallimg/image.php?file=http%3A%2F%2Fimg.homes.jp%2F120694%2Frent%2F394653%2F2%2F2%2Fos0p.jpg,JR山手線 東京駅,5
ラング・タワー京橋,東京都中央区京橋2丁目6-5, 東京メトロ銀座線 京橋駅 徒歩2分,https://image.homes.jp/smallimg/image.php?file=http%3A%2F%2Fimg.homes.jp%2F120694%2Frent%2F394653%2F2%2F2%2Fos0p.jpg,東京メトロ銀座線 京橋駅,2
コートラクリア京橋,東京都中央区八丁堀3丁目11-14,東京メトロ日比谷線 八丁堀駅 徒歩4分,https://image1.homes.jp/smallimg/image.php?file=http%3A%2F%2Fimg.homes.jp%2F120697%2Frent%2F394766%2F2%2F2%2Fvmf0.jpg,東京メトロ日比谷線 八丁堀駅,4
コートラクリア京橋,東京都中央区八丁堀3丁目11-14, JR山手線 東京駅 徒歩12分,https://image1.homes.jp/smallimg/image.php?file=http%3A%2F%2Fimg.homes.jp%2F120697%2Frent%2F394766%2F2%2F2%2Fvmf0.jpg,JR山手線 東京駅,12
キャピタルステージ日本橋,東京都中央区日本橋兜町22-5,東京メトロ日比谷線 八丁堀駅 徒歩5分,https://image.homes.jp/smallimg/image.php?file=http%3A%2F%2Fimg.homes.jp%2F135211%2Frent%2F282873%2F2%2F2%2Fi569.jpg,東京メトロ日比谷線 八丁堀駅,5
キャピタルステージ日本橋,東京都中央区日本橋兜町22-5, JR山手線 東京駅 徒歩9分,https://image.homes.jp/smallimg/image.php?file=http%3A%2F%2Fimg.homes.jp%2F135211%2Frent%2F282873%2F2%2F2%2Fi569.jpg,JR山手線 東京駅,9
日本橋八重洲デュープレックスポーション,東京都中央区日本橋3丁目5-9,JR山手線 東京駅 徒歩6分,https://image3.homes.jp/smallimg/image.php?file=http%3A%2F%2Fimg.homes.jp%2F135211%2Frent%2F284009%2F2%2F2%2Fop7d.jpg,JR山手線 東京駅,6
日本橋八重洲デュープレックスポーション,東京都中央区日本橋3丁目5-9, 東京メトロ銀座線 日本橋駅 徒歩5分,https://image3.homes.jp/smallimg/image.php?file=http%3A%2F%2Fimg.homes.jp%2F135211%2Frent%2F284009%2F2%2F2%2Fop7d.jpg,東京メトロ銀座線 日本橋駅,5
モーニングサイド銀座,東京都中央区京橋3丁目9-10,東京メトロ銀座線 京橋駅 徒歩2分,https://image2.homes.jp/smallimg/image.php?file=http%3A%2F%2Fimg.homes.jp%2F103996%2Frent%2F681365%2F2%2F2%2Fgjts.jpg,東京メトロ銀座線 京橋駅,2
モーニングサイド銀座,東京都中央区京橋3丁目9-10, JR山手線 東京駅 徒歩8分,https://image2.homes.jp/smallimg/image.php?file=http%3A%2F%2Fimg.homes.jp%2F103996%2Frent%2F681365%2F2%2F2%2Fgjts.jpg,JR山手線 東京駅,8
パークハビオ京橋,東京都中央区八丁堀3丁目7-4,東京メトロ日比谷線 八丁堀駅 徒歩3分,https://image.homes.jp/smallimg/image.php?file=http%3A%2F%2Fimg.homes.jp%2F115120%2Frent%2F409110%2F2%2F2%2F1esq.jpg,東京メトロ日比谷線 八丁堀駅,3
パークハビオ京橋,東京都中央区八丁堀3丁目7-4, JR山手線 東京駅 徒歩12分,https://image.homes.jp/smallimg/image.php?file=http%3A%2F%2Fimg.homes.jp%2F115120%2Frent%2F409110%2F2%2F2%2F1esq.jpg,JR山手線 東京駅,12
プレール・ドゥーク京橋,東京都中央区京橋1丁目18-2,都営浅草線 宝町駅 徒歩5分,https://image1.homes.jp/smallimg/image.php?file=http%3A%2F%2Fimg.homes.jp%2F124352%2Frent%2F31331%2F2%2F1%2Fua7v.jpg,都営浅草線 宝町駅,5
プレール・ドゥーク京橋,東京都中央区京橋1丁目18-2, 東京メトロ銀座線 京橋駅 徒歩6分,https://image1.homes.jp/smallimg/image.php?file=http%3A%2F%2Fimg.homes.jp%2F124352%2Frent%2F31331%2F2%2F1%2Fua7v.jpg,東京メトロ銀座線 京橋駅,6
Ｅｍｐｅｒｅｕｒ　Ｂｅｔｏｎ　Ｔｏｋｙｏ,東京都中央区八丁堀2丁目,東京メトロ日比谷線 八丁堀駅 徒歩3分,https://image3.homes.jp/smallimg/image.php?file=http%3A%2F%2Fimg.homes.jp%2F148678%2Frent%2F33769%2F2%2F1%2Ftad5.jpg,東京メトロ日比谷線 八丁堀駅,3
Ｅｍｐｅｒｅｕｒ　Ｂｅｔｏｎ　Ｔｏｋｙｏ,東京都中央区八丁堀2丁目, 都営浅草線 宝町駅 徒歩3分,https://image3.homes.jp/smallimg/image.php?file=http%3A%2F%2Fimg.homes.jp%2F148678%2Frent%2F33769%2F2%2F1%2Ftad5.jpg,都営浅草線 宝町駅,3
ＤＥＵＸ　ＴＯＵＲＳ　ＣＡＮＡＬ＆ＳＰＡＥＡＳＴ棟,東京都中央区晴海3丁目,都営大江戸線 勝どき駅 徒歩9分,https://image3.homes.jp/smallimg/image.php?file=http%3A%2F%2Fimage.homes.renters.jp%2F5699a9de651ea23a2e5fdc79af94a00b_adm_import_1888_large.jpg,都営大江戸線 勝どき駅,9
ＤＥＵＸ　ＴＯＵＲＳ　ＣＡＮＡＬ＆ＳＰＡＥＡＳＴ棟,東京都中央区晴海3丁目, JR山手線 東京駅 バス20分 晴海三丁目バス停下車 徒歩6分,https://image3.homes.jp/smallimg/image.php?file=http%3A%2F%2Fimage.homes.renters.jp%2F5699a9de651ea23a2e5fdc79af94a00b_adm_import_1888_large.jpg,JR山手線 東京駅 バス20分 晴海三丁目バス停下車,6
ＤＥＵＸ　ＴＯＵＲＳ　ＣＡＮＡＬ＆ＳＰＡＥＡＳＴ棟,東京都中央区晴海3丁目, 東京地下鉄有楽町線 月島 徒歩17分,https://image3.homes.jp/smallimg/image.php?file=http%3A%2F%2Fimage.homes.renters.jp%2F5699a9de651ea23a2e5fdc79af94a00b_adm_import_1888_large.jpg,東京地下鉄有楽町線 月島,17
ファミール東京グランリッツ,東京都中央区日本橋3丁目6-7,東京メトロ銀座線 日本橋駅 徒歩4分,https://image3.homes.jp/smallimg/image.php?file=http%3A%2F%2Fimg.homes.jp%2F148378%2Frent%2F48326%2F2%2F2%2Fvo7u.jpg,東京メトロ銀座線 日本橋駅,4
ファミール東京グランリッツ,東京都中央区日本橋3丁目6-7, JR山手線 東京駅 徒歩5分,https://image3.homes.jp/smallimg/image.php?file=http%3A%2F%2Fimg.homes.jp%2F148378%2Frent%2F48326%2F2%2F2%2Fvo7u.jpg,JR山手線 東京駅,5
服部ビル,東京都中央区京橋2丁目11-3,JR山手線 東京駅 徒歩10分,https://image4.homes.jp/smallimg/image.php?file=http%3A%2F%2Fimg.homes.jp%2F120696%2Frent%2F382287%2F2%2F2%2Ffapz.jpg,JR山手線 東京駅,10
服部ビル,東京都中央区京橋2丁目11-3, 東京メトロ銀座線 京橋駅 徒歩2分,https://image4.homes.jp/smallimg/image.php?file=http%3A%2F%2Fimg.homes.jp%2F120696%2Frent%2F382287%2F2%2F2%2Ffapz.jpg,東京メトロ銀座線 京橋駅,2
ウィーウィル八丁堀,東京都中央区八丁堀4丁目11-2,東京メトロ日比谷線 八丁堀駅 徒歩1分,https://image3.homes.jp/smallimg/image.php?file=http%3A%2F%2Fimage.homes.renters.jp%2F2ae2666e-4a00-49f2-aeef-bed21fc7af59_property_picture_4104_large.jpg,東京メトロ日比谷線 八丁堀駅,1
ウィーウィル八丁堀,東京都中央区八丁堀4丁目11-2, JR山手線 東京駅 徒歩14分,https://image3.homes.jp/smallimg/image.php?file=http%3A%2F%2Fimage.homes.renters.jp%2F2ae2666e-4a00-49f2-aeef-bed21fc7af59_property_picture_4104_large.jpg,JR山手線 東京駅,14
ウィーウィル八丁堀,東京都中央区八丁堀4丁目11-2, 東京地下鉄有楽町線 新富町 徒歩7分,https://image3.homes.jp/smallimg/image.php?file=http%3A%2F%2Fimage.homes.renters.jp%2F2ae2666e-4a00-49f2-aeef-bed21fc7af59_property_picture_4104_large.jpg,東京地下鉄有楽町線 新富町,7
ライオンズマンション八重洲,東京都中央区八丁堀2丁目30-13,東京メトロ日比谷線 八丁堀駅 徒歩2分,https://image3.homes.jp/smallimg/image.php?file=http%3A%2F%2Fimage.homes.renters.jp%2Ff747417e-e1d6-4613-80ee-c3bc1abeb4d1_property_picture_4104_large.jpg,東京メトロ日比谷線 八丁堀駅,2
ライオンズマンション八重洲,東京都中央区八丁堀2丁目30-13, JR山手線 東京駅 徒歩17分,https://image3.homes.jp/smallimg/image.php?file=http%3A%2F%2Fimage.homes.renters.jp%2Ff747417e-e1d6-4613-80ee-c3bc1abeb4d1_property_picture_4104_large.jpg,JR山手線 東京駅,17
IPSE東京月島,東京都中央区佃2丁目6-1,東京メトロ有楽町線 月島駅 徒歩3分,https://image3.homes.jp/smallimg/image.php?file=http%3A%2F%2Fimg.homes.jp%2F140494%2Frent%2F5789%2F2%2F1%2Fk3el.jpg,東京メトロ有楽町線 月島駅,3
IPSE東京月島,東京都中央区佃2丁目6-1, 都営大江戸線 勝どき駅 徒歩15分,https://image3.homes.jp/smallimg/image.php?file=http%3A%2F%2Fimg.homes.jp%2F140494%2Frent%2F5789%2F2%2F1%2Fk3el.jpg,都営大江戸線 勝どき駅,15
ＣＯＮＦＯＲＴ月島 （コンフォート月島）,東京都中央区佃1丁目10-7,都営大江戸線 月島駅 徒歩4分,https://image3.homes.jp/smallimg/image.php?file=http%3A%2F%2Fimg.homes.jp%2F125597%2Frent%2F30819%2F2%2F1%2Fbax7.jpg,都営大江戸線 月島駅,4
ＣＯＮＦＯＲＴ月島 （コンフォート月島）,東京都中央区佃1丁目10-7, JR京葉線 越中島駅 徒歩13分,https://image3.homes.jp/smallimg/image.php?file=http%3A%2F%2Fimg.homes.jp%2F125597%2Frent%2F30819%2F2%2F1%2Fbax7.jpg,JR京葉線 越中島駅,13
クレイシア月島,東京都中央区月島1丁目13-3,東京メトロ有楽町線 月島駅 徒歩1分,https://image2.homes.jp/smallimg/image.php?file=http%3A%2F%2Fimage.homes.renters.jp%2F9a101098-c598-4a5c-bc45-c45809244e94_property_picture_4104_large.jpg,東京メトロ有楽町線 月島駅,1
クレイシア月島,東京都中央区月島1丁目13-3, 都営大江戸線 勝どき駅 徒歩12分,https://image2.homes.jp/smallimg/image.php?file=http%3A%2F%2Fimage.homes.renters.jp%2F9a101098-c598-4a5c-bc45-c45809244e94_property_picture_4104_large.jpg,都営大江戸線 勝どき駅,12
グランジット日本橋浜町,東京都中央区日本橋浜町3丁目41-8,都営新宿線 浜町駅 徒歩5分,https://image.homes.jp/smallimg/image.php?file=http%3A%2F%2Fimage.homes.renters.jp%2Fe4a20c49-12e7-460b-a1a1-8b3011cd578b_property_picture_4104_large.jpg,都営新宿線 浜町駅,5
グランジット日本橋浜町,東京都中央区日本橋浜町3丁目41-8, 東京メトロ日比谷線 人形町駅 徒歩11分,https://image.homes.jp/smallimg/image.php?file=http%3A%2F%2Fimage.homes.renters.jp%2Fe4a20c49-12e7-460b-a1a1-8b3011cd578b_property_picture_4104_large.jpg,東京メトロ日比谷線 人形町駅,11
ZOOM月島,東京都中央区月島3丁目24-4,都営大江戸線 月島駅 徒歩6分,https://image1.homes.jp/smallimg/image.php?file=http%3A%2F%2Fimg.homes.jp%2F138612%2Frent%2F197437%2F2%2F2%2Fwk85.jpg,都営大江戸線 月島駅,6
ZOOM月島,東京都中央区月島3丁目24-4, 都営大江戸線 勝どき駅 徒歩7分,https://image1.homes.jp/smallimg/image.php?file=http%3A%2F%2Fimg.homes.jp%2F138612%2Frent%2F197437%2F2%2F2%2Fwk85.jpg,都営大江戸線 勝どき駅,7
テラス八丁堀,東京都中央区新川2丁目15-12,東京メトロ日比谷線 八丁堀駅 徒歩5分,https://image3.homes.jp/smallimg/image.php?file=http%3A%2F%2Fimg.homes.jp%2F135211%2Frent%2F283570%2F2%2F2%2Fpvyz.jpg,東京メトロ日比谷線 八丁堀駅,5
テラス八丁堀,東京都中央区新川2丁目15-12, 東京メトロ日比谷線 茅場町駅 徒歩10分,https://image3.homes.jp/smallimg/image.php?file=http%3A%2F%2Fimg.homes.jp%2F135211%2Frent%2F283570%2F2%2F2%2Fpvyz.jpg,東京メトロ日比谷線 茅場町駅,10
Log銀座EAST,東京都中央区湊3丁目12-1,東京メトロ有楽町線 新富町駅 徒歩5分,https://image4.homes.jp/smallimg/image.php?file=http%3A%2F%2Fimg.homes.jp%2F148993%2Frent%2F9785%2F2%2F2%2Fmfsd.jpg,東京メトロ有楽町線 新富町駅,5
Log銀座EAST,東京都中央区湊3丁目12-1, JR京葉線 八丁堀駅 徒歩8分,https://image4.homes.jp/smallimg/image.php?file=http%3A%2F%2Fimg.homes.jp%2F148993%2Frent%2F9785%2F2%2F2%2Fmfsd.jpg,JR京葉線 八丁堀駅,8
ステラ岩本町,東京都千代田区岩本町3丁目3-14,都営新宿線 岩本町駅 徒歩3分,https://image4.homes.jp/smallimg/image.php?file=http%3A%2F%2Fimage.homes.renters.jp%2F61010257-0ef6-49dc-a41f-b1ed786cd003_property_picture_4104_large.jpg,都営新宿線 岩本町駅,3
ステラ岩本町,東京都千代田区岩本町3丁目3-14, JR山手線 秋葉原駅 徒歩10分,https://image4.homes.jp/smallimg/image.php?file=http%3A%2F%2Fimage.homes.renters.jp%2F61010257-0ef6-49dc-a41f-b1ed786cd003_property_picture_4104_large.jpg,JR山手線 秋葉原駅,10
ステージファースト東日本橋,東京都中央区東日本橋1丁目3-15,都営浅草線 東日本橋駅 徒歩3分,https://image3.homes.jp/smallimg/image.php?file=http%3A%2F%2Fimg.homes.jp%2F142468%2Frent%2F16339%2F2%2F2%2Fbf68.jpg,都営浅草線 東日本橋駅,3
ステージファースト東日本橋,東京都中央区東日本橋1丁目3-15, 都営新宿線 浜町駅 徒歩4分,https://image3.homes.jp/smallimg/image.php?file=http%3A%2F%2Fimg.homes.jp%2F142468%2Frent%2F16339%2F2%2F2%2Fbf68.jpg,都営新宿線 浜町駅,4
エムズサニーパレス月島,東京都中央区月島2丁目16-6,東京メトロ有楽町線 月島駅 徒歩3分,https://image.homes.jp/smallimg/image.php?file=http%3A%2F%2Fimg.homes.jp%2F134690%2Frent%2F21852%2F2%2F1%2Fhllg.jpg,東京メトロ有楽町線 月島駅,3
エムズサニーパレス月島,東京都中央区月島2丁目16-6, 都営大江戸線 勝どき駅 徒歩9分,https://image.homes.jp/smallimg/image.php?file=http%3A%2F%2Fimg.homes.jp%2F134690%2Frent%2F21852%2F2%2F1%2Fhllg.jpg,都営大江戸線 勝どき駅,9
ザ・パークハビオ月島フロント,東京都中央区佃3丁目6-5,東京メトロ有楽町線 月島駅 徒歩1分,https://image1.homes.jp/smallimg/image.php?file=http%3A%2F%2Fimg.homes.jp%2F150736%2Frent%2F2999%2F2%2F1%2F0b2e.jpg,東京メトロ有楽町線 月島駅,1
ザ・パークハビオ月島フロント,東京都中央区佃3丁目6-5, JR京葉線 越中島駅 徒歩12分,https://image1.homes.jp/smallimg/image.php?file=http%3A%2F%2Fimg.homes.jp%2F150736%2Frent%2F2999%2F2%2F1%2F0b2e.jpg,JR京葉線 越中島駅,12
ガーラ・ヴィスタ水天宮前,東京都江東区佐賀1丁目11-1,東京メトロ半蔵門線 水天宮前駅 徒歩8分,https://image4.homes.jp/smallimg/image.php?file=http%3A%2F%2Fimg.homes.jp%2F149488%2Frent%2F2709%2F2%2F1%2Ffz5k.jpg,東京メトロ半蔵門線 水天宮前駅,8
ガーラ・ヴィスタ水天宮前,東京都江東区佐賀1丁目11-1, 都営大江戸線 門前仲町駅 徒歩10分,https://image4.homes.jp/smallimg/image.php?file=http%3A%2F%2Fimg.homes.jp%2F149488%2Frent%2F2709%2F2%2F1%2Ffz5k.jpg,都営大江戸線 門前仲町駅,10
スペランツァ日本橋,東京都千代田区鍛冶町1丁目,JR京浜東北・根岸線 神田駅 徒歩5分,https://image2.homes.jp/smallimg/image.php?file=http%3A%2F%2Fimg.homes.jp%2F111440%2Frent%2F132484%2F2%2F1%2Fj6lu.jpg,JR京浜東北・根岸線 神田駅,5
スペランツァ日本橋,東京都千代田区鍛冶町1丁目, JR総武本線 新日本橋駅 徒歩3分,https://image2.homes.jp/smallimg/image.php?file=http%3A%2F%2Fimg.homes.jp%2F111440%2Frent%2F132484%2F2%2F1%2Fj6lu.jpg,JR総武本線 新日本橋駅,3
スペランツァ日本橋,東京都千代田区鍛冶町1丁目, 山手線　神田駅 徒歩5分,https://image2.homes.jp/smallimg/image.php?file=http%3A%2F%2Fimg.homes.jp%2F111440%2Frent%2F132484%2F2%2F1%2Fj6lu.jpg,山手線　神田駅,5
RELUXIA門前仲町,東京都江東区門前仲町1丁目,東京メトロ東西線 門前仲町駅 徒歩4分,https://image4.homes.jp/smallimg/image.php?file=http%3A%2F%2Fimg.homes.jp%2F145248%2Frent%2F54101%2F2%2F2%2F0y5g.jpg,東京メトロ東西線 門前仲町駅,4
RELUXIA門前仲町,東京都江東区門前仲町1丁目, JR京葉線 越中島駅 徒歩11分,https://image4.homes.jp/smallimg/image.php?file=http%3A%2F%2Fimg.homes.jp%2F145248%2Frent%2F54101%2F2%2F2%2F0y5g.jpg,JR京葉線 越中島駅,11
グレイスリヴィエール東京八丁堀,東京都中央区湊1丁目14-17,JR京葉線 八丁堀駅 徒歩4分,https://image2.homes.jp/smallimg/image.php?file=http%3A%2F%2Fimage.homes.renters.jp%2F21f3ae92-7ac0-46fe-bab6-2164386e9819_property_picture_4104_large.jpg,JR京葉線 八丁堀駅,4
グレイスリヴィエール東京八丁堀,東京都中央区湊1丁目14-17, 東京メトロ有楽町線 新富町駅 徒歩10分,https://image2.homes.jp/smallimg/image.php?file=http%3A%2F%2Fimage.homes.renters.jp%2F21f3ae92-7ac0-46fe-bab6-2164386e9819_property_picture_4104_large.jpg,東京メトロ有楽町線 新富町駅,10
アークマーク水天宮前2,東京都江東区佐賀2丁目3-15,東京メトロ半蔵門線 水天宮前駅 徒歩7分,https://image4.homes.jp/smallimg/image.php?file=http%3A%2F%2Fimage.homes.renters.jp%2Ff8fcca03-d817-4f1b-8807-c1121cb662cc_property_picture_4104_large.jpg,東京メトロ半蔵門線 水天宮前駅,7
アークマーク水天宮前2,東京都江東区佐賀2丁目3-15, 東京メトロ東西線 門前仲町駅 徒歩10分,https://image4.homes.jp/smallimg/image.php?file=http%3A%2F%2Fimage.homes.renters.jp%2Ff8fcca03-d817-4f1b-8807-c1121cb662cc_property_picture_4104_large.jpg,東京メトロ東西線 門前仲町駅,10
Ｌａ Ｐｅｒｌａ岩本町,東京都千代田区岩本町2丁目10-12,都営新宿線 岩本町駅 徒歩5分,https://image3.homes.jp/smallimg/image.php?file=http%3A%2F%2Fimg.homes.jp%2F139453%2Frent%2F25381%2F2%2F2%2Fo2fk.jpg,都営新宿線 岩本町駅,5
Ｌａ Ｐｅｒｌａ岩本町,東京都千代田区岩本町2丁目10-12, JR山手線 神田駅 徒歩8分,https://image3.homes.jp/smallimg/image.php?file=http%3A%2F%2Fimg.homes.jp%2F139453%2Frent%2F25381%2F2%2F2%2Fo2fk.jpg,JR山手線 神田駅,8
スカイコートグランデ清澄白河,東京都江東区佐賀2丁目10-12,都営大江戸線 清澄白河駅 徒歩10分,https://image3.homes.jp/smallimg/image.php?file=http%3A%2F%2Fimg.homes.jp%2F117815%2Frent%2F28144%2F2%2F1%2Fqycy.jpg,都営大江戸線 清澄白河駅,10
スカイコートグランデ清澄白河,東京都江東区佐賀2丁目10-12, 東京メトロ半蔵門線 水天宮前駅 徒歩10分,https://image3.homes.jp/smallimg/image.php?file=http%3A%2F%2Fimg.homes.jp%2F117815%2Frent%2F28144%2F2%2F1%2Fqycy.jpg,東京メトロ半蔵門線 水天宮前駅,10
グランジット月島,東京都中央区佃2丁目14-9,都営大江戸線 月島駅 徒歩2分,https://image3.homes.jp/smallimg/image.php?file=http%3A%2F%2Fimg.homes.jp%2F125597%2Frent%2F30261%2F2%2F1%2F7pp0.jpg,都営大江戸線 月島駅,2
グランジット月島,東京都中央区佃2丁目14-9, JR京葉線 越中島駅 徒歩11分,https://image3.homes.jp/smallimg/image.php?file=http%3A%2F%2Fimg.homes.jp%2F125597%2Frent%2F30261%2F2%2F1%2F7pp0.jpg,JR京葉線 越中島駅,11
サンクトロワ東日本橋,東京都中央区東日本橋3丁目11-10,都営浅草線 東日本橋駅 徒歩1分,https://image.homes.jp/smallimg/image.php?file=http%3A%2F%2Fimg.homes.jp%2F5609%2Frent%2F388565%2F2%2F1%2Fa6w2.jpg,都営浅草線 東日本橋駅,1
サンクトロワ東日本橋,東京都中央区東日本橋3丁目11-10, 都営新宿線 馬喰横山駅 徒歩1分,https://image.homes.jp/smallimg/image.php?file=http%3A%2F%2Fimg.homes.jp%2F5609%2Frent%2F388565%2F2%2F1%2Fa6w2.jpg,都営新宿線 馬喰横山駅,1
グランパセオ神田駅前,東京都千代田区神田須田町2丁目4-5,都営新宿線 岩本町駅 徒歩2分,https://image4.homes.jp/smallimg/image.php?file=http%3A%2F%2Fimage.homes.renters.jp%2F943af27b-23c7-4a73-9d10-fdde2370e7ea_property_picture_4104_large.jpg,都営新宿線 岩本町駅,2
グランパセオ神田駅前,東京都千代田区神田須田町2丁目4-5, JR山手線 神田駅 徒歩4分,https://image4.homes.jp/smallimg/image.php?file=http%3A%2F%2Fimage.homes.renters.jp%2F943af27b-23c7-4a73-9d10-fdde2370e7ea_property_picture_4104_large.jpg,JR山手線 神田駅,4
クレイシア日本橋水天宮前,東京都中央区日本橋箱崎町15-8,東京メトロ半蔵門線 水天宮前駅 徒歩3分,https://image.homes.jp/smallimg/image.php?file=http%3A%2F%2Fimg.homes.jp%2F138612%2Frent%2F197443%2F2%2F2%2Fszec.jpg,東京メトロ半蔵門線 水天宮前駅,3
クレイシア日本橋水天宮前,東京都中央区日本橋箱崎町15-8, 東京メトロ日比谷線 茅場町駅 徒歩6分,https://image.homes.jp/smallimg/image.php?file=http%3A%2F%2Fimg.homes.jp%2F138612%2Frent%2F197443%2F2%2F2%2Fszec.jpg,東京メトロ日比谷線 茅場町駅,6
アクサス銀座アジールコート,東京都中央区新富1丁目15-13,東京メトロ有楽町線 新富町駅 徒歩4分,https://image1.homes.jp/smallimg/image.php?file=http%3A%2F%2Fimg.homes.jp%2F101709%2Frent%2F102057%2F2%2F1%2Fsa1z.jpg,東京メトロ有楽町線 新富町駅,4
アクサス銀座アジールコート,東京都中央区新富1丁目15-13, 東京メトロ日比谷線 八丁堀駅 徒歩4分,https://image1.homes.jp/smallimg/image.php?file=http%3A%2F%2Fimg.homes.jp%2F101709%2Frent%2F102057%2F2%2F1%2Fsa1z.jpg,東京メトロ日比谷線 八丁堀駅,4
アクサス銀座アジールコート,東京都中央区新富1丁目15-13, 京葉線 八丁堀駅 徒歩5分,https://image1.homes.jp/smallimg/image.php?file=http%3A%2F%2Fimg.homes.jp%2F101709%2Frent%2F102057%2F2%2F1%2Fsa1z.jpg,京葉線 八丁堀駅,5
メイクスデザイン門前仲町ガーデン,東京都江東区福住1丁目3-9,東京メトロ東西線 門前仲町駅 徒歩5分,https://image1.homes.jp/smallimg/image.php?file=http%3A%2F%2Fimage.homes.renters.jp%2F07667332-3171-4917-8499-42b0c30e8ce7_property_picture_4104_large.jpg,東京メトロ東西線 門前仲町駅,5
メイクスデザイン門前仲町ガーデン,東京都江東区福住1丁目3-9, JR京葉線 越中島駅 徒歩13分,https://image1.homes.jp/smallimg/image.php?file=http%3A%2F%2Fimage.homes.renters.jp%2F07667332-3171-4917-8499-42b0c30e8ce7_property_picture_4104_large.jpg,JR京葉線 越中島駅,13
ヴィークブライト日本橋人形町,東京都中央区日本橋富沢町6-6,東京メトロ日比谷線 人形町駅 徒歩4分,https://image2.homes.jp/smallimg/image.php?file=http%3A%2F%2Fimg.homes.jp%2F138612%2Frent%2F197161%2F2%2F2%2F37bi.jpg,東京メトロ日比谷線 人形町駅,4
ヴィークブライト日本橋人形町,東京都中央区日本橋富沢町6-6, 都営新宿線 馬喰横山駅 徒歩6分,https://image2.homes.jp/smallimg/image.php?file=http%3A%2F%2Fimg.homes.jp%2F138612%2Frent%2F197161%2F2%2F2%2F37bi.jpg,都営新宿線 馬喰横山駅,6
レガリス門前仲町,東京都江東区越中島2丁目13-12,東京メトロ東西線 門前仲町駅 徒歩9分,https://image4.homes.jp/smallimg/image.php?file=http%3A%2F%2Fimg.homes.jp%2F149488%2Frent%2F2578%2F2%2F1%2Fql9y.jpg,東京メトロ東西線 門前仲町駅,9
レガリス門前仲町,東京都江東区越中島2丁目13-12, JR京葉線 越中島駅 徒歩2分,https://image4.homes.jp/smallimg/image.php?file=http%3A%2F%2Fimg.homes.jp%2F149488%2Frent%2F2578%2F2%2F1%2Fql9y.jpg,JR京葉線 越中島駅,2
パティーナ月島,東京都中央区佃2丁目22-7,東京メトロ有楽町線 月島駅 徒歩3分,https://image4.homes.jp/smallimg/image.php?file=http%3A%2F%2Fimage.homes.renters.jp%2Fd480f251-f788-4fb5-8736-e7a9f10ce8f8_property_picture_4104_large.jpg,東京メトロ有楽町線 月島駅,3
パティーナ月島,東京都中央区佃2丁目22-7, JR京葉線 越中島駅 徒歩9分,https://image4.homes.jp/smallimg/image.php?file=http%3A%2F%2Fimage.homes.renters.jp%2Fd480f251-f788-4fb5-8736-e7a9f10ce8f8_property_picture_4104_large.jpg,JR京葉線 越中島駅,9
ボヌール日本橋浜町,東京都中央区日本橋浜町2丁目18-6,都営新宿線 浜町駅 徒歩2分,https://image4.homes.jp/smallimg/image.php?file=http%3A%2F%2Fimage.homes.renters.jp%2F1aa3f3cf-54c3-46ce-aa97-bf35574f4c64_property_picture_4104_large.jpg,都営新宿線 浜町駅,2
ボヌール日本橋浜町,東京都中央区日本橋浜町2丁目18-6, 東京メトロ日比谷線 人形町駅 徒歩5分,https://image4.homes.jp/smallimg/image.php?file=http%3A%2F%2Fimage.homes.renters.jp%2F1aa3f3cf-54c3-46ce-aa97-bf35574f4c64_property_picture_4104_large.jpg,東京メトロ日比谷線 人形町駅,5
ARKMARK水天宮前I,東京都江東区佐賀1丁目10-15,東京メトロ半蔵門線 水天宮前駅 徒歩9分,https://image4.homes.jp/smallimg/image.php?file=http%3A%2F%2Fimg.homes.jp%2F149488%2Frent%2F2507%2F2%2F1%2Fqeap.jpg,東京メトロ半蔵門線 水天宮前駅,9
ARKMARK水天宮前I,東京都江東区佐賀1丁目10-15, 東京メトロ東西線 門前仲町駅 徒歩9分,https://image4.homes.jp/smallimg/image.php?file=http%3A%2F%2Fimg.homes.jp%2F149488%2Frent%2F2507%2F2%2F1%2Fqeap.jpg,東京メトロ東西線 門前仲町駅,9
アジュールテラス日本橋浜町,東京都中央区日本橋浜町1丁目10-1,都営新宿線 浜町駅 徒歩3分,https://image1.homes.jp/smallimg/image.php?file=http%3A%2F%2Fimage.homes.renters.jp%2F8205f2ea-a7e6-4dde-b6ac-fd7b22c2bf90_property_picture_4104_large.jpg,都営新宿線 浜町駅,3
アジュールテラス日本橋浜町,東京都中央区日本橋浜町1丁目10-1, 都営浅草線 東日本橋駅 徒歩5分,https://image1.homes.jp/smallimg/image.php?file=http%3A%2F%2Fimage.homes.renters.jp%2F8205f2ea-a7e6-4dde-b6ac-fd7b22c2bf90_property_picture_4104_large.jpg,都営浅草線 東日本橋駅,5
UGHD水天宮前,東京都江東区佐賀2丁目4-1,東京メトロ半蔵門線 水天宮前駅 徒歩8分,https://image3.homes.jp/smallimg/image.php?file=http%3A%2F%2Fimg.homes.jp%2F150080%2Frent%2F4964%2F2%2F2%2Fw831.jpg,東京メトロ半蔵門線 水天宮前駅,8
UGHD水天宮前,東京都江東区佐賀2丁目4-1, 東京メトロ半蔵門線 清澄白河駅 徒歩14分,https://image3.homes.jp/smallimg/image.php?file=http%3A%2F%2Fimg.homes.jp%2F150080%2Frent%2F4964%2F2%2F2%2Fw831.jpg,東京メトロ半蔵門線 清澄白河駅,14
ブラウ門前仲町旧ルフォンプログレ門前仲町,東京都江東区永代2丁目36-6,都営大江戸線 門前仲町駅 徒歩5分,https://image.homes.jp/smallimg/image.php?file=http%3A%2F%2Fimg.homes.jp%2F125597%2Frent%2F30337%2F2%2F1%2Fqql8.jpg,都営大江戸線 門前仲町駅,5
ブラウ門前仲町旧ルフォンプログレ門前仲町,東京都江東区永代2丁目36-6, 東京メトロ半蔵門線 清澄白河駅 徒歩15分,https://image.homes.jp/smallimg/image.php?file=http%3A%2F%2Fimg.homes.jp%2F125597%2Frent%2F30337%2F2%2F1%2Fqql8.jpg,東京メトロ半蔵門線 清澄白河駅,15
ステージグランデ日本橋人形町,東京都中央区日本橋人形町2丁目17-2,東京メトロ日比谷線 人形町駅 徒歩3分,https://image4.homes.jp/smallimg/image.php?file=http%3A%2F%2Fimg.homes.jp%2F138612%2Frent%2F197426%2F2%2F2%2Fe4fv.jpg,東京メトロ日比谷線 人形町駅,3
ステージグランデ日本橋人形町,東京都中央区日本橋人形町2丁目17-2, 東京メトロ半蔵門線 水天宮前駅 徒歩5分,https://image4.homes.jp/smallimg/image.php?file=http%3A%2F%2Fimg.homes.jp%2F138612%2Frent%2F197426%2F2%2F2%2Fe4fv.jpg,東京メトロ半蔵門線 水天宮前駅,5
コンフォリア森下リバーサイド,東京都江東区常盤1丁目6-5,都営大江戸線 森下駅 徒歩5分,https://image.homes.jp/smallimg/image.php?file=http%3A%2F%2Fimage.homes.renters.jp%2F611394a0-80b0-44be-a80b-a724d9f576c8_property_picture_4104_large.jpg,都営大江戸線 森下駅,5
コンフォリア森下リバーサイド,東京都江東区常盤1丁目6-5, 都営大江戸線 清澄白河駅 徒歩8分,https://image.homes.jp/smallimg/image.php?file=http%3A%2F%2Fimage.homes.renters.jp%2F611394a0-80b0-44be-a80b-a724d9f576c8_property_picture_4104_large.jpg,都営大江戸線 清澄白河駅,8
メイクスデザイン門前仲町リバープレイス,東京都江東区古石場1丁目1-4,都営大江戸線 門前仲町駅 徒歩5分,https://image4.homes.jp/smallimg/image.php?file=http%3A%2F%2Fimg.homes.jp%2F149488%2Frent%2F2114%2F2%2F1%2Floyj.jpg,都営大江戸線 門前仲町駅,5
メイクスデザイン門前仲町リバープレイス,東京都江東区古石場1丁目1-4, JR京葉線 越中島駅 徒歩3分,https://image4.homes.jp/smallimg/image.php?file=http%3A%2F%2Fimg.homes.jp%2F149488%2Frent%2F2114%2F2%2F1%2Floyj.jpg,JR京葉線 越中島駅,3
プレノ清澄庭園,東京都江東区清澄1丁目,東京メトロ半蔵門線 清澄白河駅 徒歩8分,https://image3.homes.jp/smallimg/image.php?file=http%3A%2F%2Fimage.homes.renters.jp%2F34e2e461-c3af-442b-a5c5-7d3bca6b8a6e_property_picture_3132_large.jpg,東京メトロ半蔵門線 清澄白河駅,8
プレノ清澄庭園,東京都江東区清澄1丁目, 東京メトロ半蔵門線 水天宮前駅 徒歩11分,https://image3.homes.jp/smallimg/image.php?file=http%3A%2F%2Fimage.homes.renters.jp%2F34e2e461-c3af-442b-a5c5-7d3bca6b8a6e_property_picture_3132_large.jpg,東京メトロ半蔵門線 水天宮前駅,11
月島リバーサイドハイツ,東京都中央区月島3丁目25-6,都営大江戸線 勝どき駅 徒歩6分,https://image3.homes.jp/smallimg/image.php?file=http%3A%2F%2Fimage.homes.renters.jp%2Fba93e15a-3199-4ac4-a458-78b45d90b36b_property_picture_4104_large.jpg,都営大江戸線 勝どき駅,6
月島リバーサイドハイツ,東京都中央区月島3丁目25-6, 東京メトロ有楽町線 月島駅 徒歩9分,https://image3.homes.jp/smallimg/image.php?file=http%3A%2F%2Fimage.homes.renters.jp%2Fba93e15a-3199-4ac4-a458-78b45d90b36b_property_picture_4104_large.jpg,東京メトロ有楽町線 月島駅,9
エスレジデンス月島,東京都中央区月島3丁目10-10,東京メトロ有楽町線 月島駅 徒歩3分,https://image3.homes.jp/smallimg/image.php?file=http%3A%2F%2Fimage.homes.renters.jp%2Fc8d6bee2-6952-45df-8807-3d93d8dc9b1b_property_picture_4104_large.jpg,東京メトロ有楽町線 月島駅,3
エスレジデンス月島,東京都中央区月島3丁目10-10, 都営大江戸線 月島駅 徒歩3分,https://image3.homes.jp/smallimg/image.php?file=http%3A%2F%2Fimage.homes.renters.jp%2Fc8d6bee2-6952-45df-8807-3d93d8dc9b1b_property_picture_4104_large.jpg,都営大江戸線 月島駅,3
リバーレ日本橋三越前,東京都中央区日本橋小網町18-4,東京メトロ日比谷線 人形町駅 徒歩7分,https://image1.homes.jp/smallimg/image.php?file=http%3A%2F%2Fimg.homes.jp%2F146476%2Frent%2F3059%2F2%2F1%2Fshj7.jpg,東京メトロ日比谷線 人形町駅,7
リバーレ日本橋三越前,東京都中央区日本橋小網町18-4, 東京メトロ銀座線 日本橋駅 徒歩10分,https://image1.homes.jp/smallimg/image.php?file=http%3A%2F%2Fimg.homes.jp%2F146476%2Frent%2F3059%2F2%2F1%2Fshj7.jpg,東京メトロ銀座線 日本橋駅,10
セントレガーレ浜町,東京都中央区日本橋浜町3丁目16-5,東京メトロ半蔵門線 水天宮前駅 徒歩5分,https://image.homes.jp/smallimg/image.php?file=http%3A%2F%2Fimg.homes.jp%2F150614%2Frent%2F2544%2F2%2F1%2F3l2u.jpg,東京メトロ半蔵門線 水天宮前駅,5
セントレガーレ浜町,東京都中央区日本橋浜町3丁目16-5, 都営新宿線 浜町駅 徒歩7分,https://image.homes.jp/smallimg/image.php?file=http%3A%2F%2Fimg.homes.jp%2F150614%2Frent%2F2544%2F2%2F1%2F3l2u.jpg,都営新宿線 浜町駅,7
ライオンズ千代田岩本町ミレス-KDA,東京都千代田区岩本町2丁目,都営新宿線 岩本町駅 徒歩5分,https://image3.homes.jp/smallimg/image.php?file=http%3A%2F%2Fimg.homes.jp%2F147004%2Frent%2F1648%2F2%2F1%2Frlcb.jpg,都営新宿線 岩本町駅,5
ライオンズ千代田岩本町ミレス-KDA,東京都千代田区岩本町2丁目, 東京メトロ日比谷線 秋葉原駅 徒歩6分,https://image3.homes.jp/smallimg/image.php?file=http%3A%2F%2Fimg.homes.jp%2F147004%2Frent%2F1648%2F2%2F1%2Frlcb.jpg,東京メトロ日比谷線 秋葉原駅,6
CREAL門前仲町,東京都江東区永代1丁目,東京メトロ東西線 門前仲町駅 徒歩11分,https://image3.homes.jp/smallimg/image.php?file=http%3A%2F%2Fimg.homes.jp%2F146476%2Frent%2F3385%2F2%2F1%2Fdzeo.jpg,東京メトロ東西線 門前仲町駅,11
CREAL門前仲町,東京都江東区永代1丁目, JR京葉線 越中島駅 徒歩14分,https://image3.homes.jp/smallimg/image.php?file=http%3A%2F%2Fimg.homes.jp%2F146476%2Frent%2F3385%2F2%2F1%2Fdzeo.jpg,JR京葉線 越中島駅,14
ヴァンヴェール日本橋,東京都中央区日本橋堀留町1丁目3-9,東京メトロ日比谷線 小伝馬町駅 徒歩3分,https://image4.homes.jp/smallimg/image.php?file=http%3A%2F%2Fimage.homes.renters.jp%2F46f00f4c-0415-4027-b98a-e41a4ff27d3a_property_picture_4104_large.jpg,東京メトロ日比谷線 小伝馬町駅,3
ヴァンヴェール日本橋,東京都中央区日本橋堀留町1丁目3-9, 都営浅草線 人形町駅 徒歩7分,https://image4.homes.jp/smallimg/image.php?file=http%3A%2F%2Fimage.homes.renters.jp%2F46f00f4c-0415-4027-b98a-e41a4ff27d3a_property_picture_4104_large.jpg,都営浅草線 人形町駅,7
プロシード門前仲町,東京都江東区福住1丁目7-8,東京メトロ東西線 門前仲町駅 徒歩7分,https://image2.homes.jp/smallimg/image.php?file=http%3A%2F%2Fimg.homes.jp%2F3705126%2Frent%2F12970%2F2%2F2%2F6wgg.jpg,東京メトロ東西線 門前仲町駅,7
プロシード門前仲町,東京都江東区福住1丁目7-8, 都営大江戸線 門前仲町駅 徒歩7分,https://image2.homes.jp/smallimg/image.php?file=http%3A%2F%2Fimg.homes.jp%2F3705126%2Frent%2F12970%2F2%2F2%2F6wgg.jpg,都営大江戸線 門前仲町駅,7
スパシエトラッド門前仲町,東京都江東区門前仲町1丁目16-4,東京メトロ東西線 門前仲町駅 徒歩3分,https://image1.homes.jp/smallimg/image.php?file=http%3A%2F%2Fimg.homes.jp%2F149488%2Frent%2F2693%2F2%2F1%2F15m7.jpg,東京メトロ東西線 門前仲町駅,3
スパシエトラッド門前仲町,東京都江東区門前仲町1丁目16-4, JR京葉線 越中島駅 徒歩11分,https://image1.homes.jp/smallimg/image.php?file=http%3A%2F%2Fimg.homes.jp%2F149488%2Frent%2F2693%2F2%2F1%2F15m7.jpg,JR京葉線 越中島駅,11
エスレジデンス神田アバンス,東京都千代田区岩本町1丁目13-8,JR総武本線 馬喰町駅 徒歩4分,https://image.homes.jp/smallimg/image.php?file=http%3A%2F%2Fimage.homes.renters.jp%2Fd88bea6d-17ba-465a-81ce-77f6679fd02d_property_picture_4104_large.jpg,JR総武本線 馬喰町駅,4
エスレジデンス神田アバンス,東京都千代田区岩本町1丁目13-8, 東京メトロ日比谷線 小伝馬町駅 徒歩6分,https://image.homes.jp/smallimg/image.php?file=http%3A%2F%2Fimage.homes.renters.jp%2Fd88bea6d-17ba-465a-81ce-77f6679fd02d_property_picture_4104_large.jpg,東京メトロ日比谷線 小伝馬町駅,6
フィールドライズ日本橋,東京都中央区日本橋浜町2丁目23-8,東京メトロ半蔵門線 水天宮前駅 徒歩5分,https://image1.homes.jp/smallimg/image.php?file=http%3A%2F%2Fimg.homes.jp%2F126717%2Frent%2F24371%2F2%2F1%2F3dpj.jpg,東京メトロ半蔵門線 水天宮前駅,5
フィールドライズ日本橋,東京都中央区日本橋浜町2丁目23-8, 都営新宿線 浜町駅 徒歩5分,https://image1.homes.jp/smallimg/image.php?file=http%3A%2F%2Fimg.homes.jp%2F126717%2Frent%2F24371%2F2%2F1%2F3dpj.jpg,都営新宿線 浜町駅,5
ティアラグレイス門前仲町,東京都江東区永代2丁目19-7,東京メトロ東西線 門前仲町駅 徒歩5分,https://image1.homes.jp/smallimg/image.php?file=http%3A%2F%2Fimg.homes.jp%2F3705126%2Frent%2F12884%2F2%2F2%2Fncmz.jpg,東京メトロ東西線 門前仲町駅,5
ティアラグレイス門前仲町,東京都江東区永代2丁目19-7, 都営大江戸線 門前仲町駅 徒歩5分,https://image1.homes.jp/smallimg/image.php?file=http%3A%2F%2Fimg.homes.jp%2F3705126%2Frent%2F12884%2F2%2F2%2Fncmz.jpg,都営大江戸線 門前仲町駅,5
ガーラ・プレシャス門前仲町,東京都江東区永代2丁目,都営大江戸線 門前仲町駅 徒歩7分,https://image3.homes.jp/smallimg/image.php?file=http%3A%2F%2Fimg.homes.jp%2F146901%2Frent%2F9440%2F2%2F2%2Fvof1.jpg,都営大江戸線 門前仲町駅,7
ガーラ・プレシャス門前仲町,東京都江東区永代2丁目, 東京メトロ東西線 門前仲町駅 徒歩7分,https://image3.homes.jp/smallimg/image.php?file=http%3A%2F%2Fimg.homes.jp%2F146901%2Frent%2F9440%2F2%2F2%2Fvof1.jpg,東京メトロ東西線 門前仲町駅,7
ピアース千代田淡路町,東京都千代田区神田美土代町,東京メトロ丸ノ内線 淡路町駅 徒歩1分,https://image1.homes.jp/smallimg/image.php?file=http%3A%2F%2Fimg.homes.jp%2F117646%2Frent%2F47590%2F2%2F2%2Fgjh5.jpg,東京メトロ丸ノ内線 淡路町駅,1
ピアース千代田淡路町,東京都千代田区神田美土代町, 東京メトロ千代田線 新御茶ノ水駅 徒歩1分,https://image1.homes.jp/smallimg/image.php?file=http%3A%2F%2Fimg.homes.jp%2F117646%2Frent%2F47590%2F2%2F2%2Fgjh5.jpg,東京メトロ千代田線 新御茶ノ水駅,1
こもれび千桜,東京都千代田区神田東松下町22-1,JR山手線 神田駅 徒歩6分,https://image4.homes.jp/smallimg/image.php?file=http%3A%2F%2Fimg.homes.jp%2F130403%2Frent%2F2415%2F2%2F1%2F7zx8.jpg,JR山手線 神田駅,6
こもれび千桜,東京都千代田区神田東松下町22-1, JR山手線 秋葉原駅 徒歩6分,https://image4.homes.jp/smallimg/image.php?file=http%3A%2F%2Fimg.homes.jp%2F130403%2Frent%2F2415%2F2%2F1%2F7zx8.jpg,JR山手線 秋葉原駅,6
クオリタス日本橋浜町,東京都中央区日本橋浜町3丁目43-9,都営新宿線 浜町駅 徒歩6分,https://image1.homes.jp/smallimg/image.php?file=http%3A%2F%2Fimage.homes.renters.jp%2F6a697dc2-7517-4dcf-be26-ebc49d5beb9a_property_picture_4104_large.jpg,都営新宿線 浜町駅,6
クオリタス日本橋浜町,東京都中央区日本橋浜町3丁目43-9, 都営大江戸線 森下駅 徒歩8分,https://image1.homes.jp/smallimg/image.php?file=http%3A%2F%2Fimage.homes.renters.jp%2F6a697dc2-7517-4dcf-be26-ebc49d5beb9a_property_picture_4104_large.jpg,都営大江戸線 森下駅,8
ベルアーム,東京都千代田区岩本町2丁目7-2,都営新宿線 岩本町駅 徒歩4分,https://image1.homes.jp/smallimg/image.php?file=http%3A%2F%2Fimg.homes.jp%2F124575%2Frent%2F85149%2F2%2F1%2Fn61d.jpg,都営新宿線 岩本町駅,4
ベルアーム,東京都千代田区岩本町2丁目7-2, 東京メトロ日比谷線 小伝馬町駅 徒歩5分,https://image1.homes.jp/smallimg/image.php?file=http%3A%2F%2Fimg.homes.jp%2F124575%2Frent%2F85149%2F2%2F1%2Fn61d.jpg,東京メトロ日比谷線 小伝馬町駅,5
リベルタ銀座イースト,東京都中央区湊2丁目14-1,東京メトロ日比谷線 八丁堀駅 徒歩6分,https://image4.homes.jp/smallimg/image.php?file=http%3A%2F%2Fimg.homes.jp%2F126526%2Frent%2F54727%2F2%2F1%2F18fa.jpg,東京メトロ日比谷線 八丁堀駅,6
リベルタ銀座イースト,東京都中央区湊2丁目14-1, 東京メトロ有楽町線 新富町駅 徒歩8分,https://image4.homes.jp/smallimg/image.php?file=http%3A%2F%2Fimg.homes.jp%2F126526%2Frent%2F54727%2F2%2F1%2F18fa.jpg,東京メトロ有楽町線 新富町駅,8
グレイスコート月島,東京都中央区月島2丁目19-10,東京メトロ有楽町線 月島駅 徒歩3分,https://image4.homes.jp/smallimg/image.php?file=http%3A%2F%2Fimg.homes.jp%2F125597%2Frent%2F30761%2F2%2F1%2Fvjkt.jpg,東京メトロ有楽町線 月島駅,3
グレイスコート月島,東京都中央区月島2丁目19-10, 都営大江戸線 勝どき駅 徒歩13分,https://image4.homes.jp/smallimg/image.php?file=http%3A%2F%2Fimg.homes.jp%2F125597%2Frent%2F30761%2F2%2F1%2Fvjkt.jpg,都営大江戸線 勝どき駅,13
Ｓ−ＲＥＳＩＤＥＮＣＥ日本橋浜町,東京都中央区日本橋浜町2丁目50-1,都営新宿線 浜町駅 徒歩3分,https://image3.homes.jp/smallimg/image.php?file=http%3A%2F%2Fimg.homes.jp%2F142468%2Frent%2F16925%2F2%2F2%2Fov5o.jpg,都営新宿線 浜町駅,3
Ｓ−ＲＥＳＩＤＥＮＣＥ日本橋浜町,東京都中央区日本橋浜町2丁目50-1, 東京メトロ半蔵門線 水天宮前駅 徒歩6分,https://image3.homes.jp/smallimg/image.php?file=http%3A%2F%2Fimg.homes.jp%2F142468%2Frent%2F16925%2F2%2F2%2Fov5o.jpg,東京メトロ半蔵門線 水天宮前駅,6
ルフォンプログレ神田プレミア,東京都千代田区神田須田町1丁目20-1,JR山手線 神田駅 徒歩4分,https://image2.homes.jp/smallimg/image.php?file=http%3A%2F%2Fimage.homes.renters.jp%2F7f1d68d1-39d2-4eea-a132-0385004e25e2_property_picture_4104_large.jpg,JR山手線 神田駅,4
ルフォンプログレ神田プレミア,東京都千代田区神田須田町1丁目20-1, JR京浜東北・根岸線 秋葉原駅 徒歩7分,https://image2.homes.jp/smallimg/image.php?file=http%3A%2F%2Fimage.homes.renters.jp%2F7f1d68d1-39d2-4eea-a132-0385004e25e2_property_picture_4104_large.jpg,JR京浜東北・根岸線 秋葉原駅,7
ＦＵＳＩＯＮ日本橋箱崎,東京都中央区日本橋箱崎町37-14,東京メトロ半蔵門線 水天宮前駅 徒歩4分,https://image3.homes.jp/smallimg/image.php?file=http%3A%2F%2Fimg.homes.jp%2F150080%2Frent%2F3205%2F2%2F2%2Fangk.jpg,東京メトロ半蔵門線 水天宮前駅,4
ＦＵＳＩＯＮ日本橋箱崎,東京都中央区日本橋箱崎町37-14, 東京メトロ日比谷線 人形町駅 徒歩10分,https://image3.homes.jp/smallimg/image.php?file=http%3A%2F%2Fimg.homes.jp%2F150080%2Frent%2F3205%2F2%2F2%2Fangk.jpg,東京メトロ日比谷線 人形町駅,10
パークアクシス築地,東京都中央区入船3丁目8-1,東京メトロ有楽町線 新富町駅 徒歩3分,https://image.homes.jp/smallimg/image.php?file=http%3A%2F%2Fimage.homes.renters.jp%2F8d9b42fe-a163-4373-a805-326a909e30f0_property_picture_4104_large.jpg,東京メトロ有楽町線 新富町駅,3
パークアクシス築地,東京都中央区入船3丁目8-1, 東京メトロ日比谷線 築地駅 徒歩7分,https://image.homes.jp/smallimg/image.php?file=http%3A%2F%2Fimage.homes.renters.jp%2F8d9b42fe-a163-4373-a805-326a909e30f0_property_picture_4104_large.jpg,東京メトロ日比谷線 築地駅,7
ラシクラスLAZO ginza-east（ラシクラスラゾ銀座イースト）,東京都中央区湊2丁目6-4,東京メトロ日比谷線 八丁堀駅 徒歩6分,https://image2.homes.jp/smallimg/image.php?file=http%3A%2F%2Fimg.homes.jp%2F126717%2Frent%2F24057%2F2%2F1%2F06pc.jpg,東京メトロ日比谷線 八丁堀駅,6
ラシクラスLAZO ginza-east（ラシクラスラゾ銀座イースト）,東京都中央区湊2丁目6-4, 東京メトロ有楽町線 新富町駅 徒歩6分,https://image2.homes.jp/smallimg/image.php?file=http%3A%2F%2Fimg.homes.jp%2F126717%2Frent%2F24057%2F2%2F1%2F06pc.jpg,東京メトロ有楽町線 新富町駅,6
コンシェリア門前仲町 ＣＲＯＳＳＩＡ,東京都江東区永代1丁目2番12,東京メトロ東西線 門前仲町駅 徒歩8分,https://image1.homes.jp/smallimg/image.php?file=http%3A%2F%2Fimg.homes.jp%2F139453%2Frent%2F26172%2F2%2F2%2Fkoh5.jpg,東京メトロ東西線 門前仲町駅,8
コンシェリア門前仲町 ＣＲＯＳＳＩＡ,東京都江東区永代1丁目2番12, 東京メトロ日比谷線 茅場町駅 徒歩12分,https://image1.homes.jp/smallimg/image.php?file=http%3A%2F%2Fimg.homes.jp%2F139453%2Frent%2F26172%2F2%2F2%2Fkoh5.jpg,東京メトロ日比谷線 茅場町駅,12
ルヴェール日本橋小伝馬町,東京都中央区日本橋小伝馬町17-7,東京メトロ日比谷線 小伝馬町駅 徒歩3分,https://image4.homes.jp/smallimg/image.php?file=http%3A%2F%2Fimg.homes.jp%2F145606%2Frent%2F62416%2F2%2F2%2Fyeq0.jpg,東京メトロ日比谷線 小伝馬町駅,3
ルヴェール日本橋小伝馬町,東京都中央区日本橋小伝馬町17-7, JR総武本線 馬喰町駅 徒歩3分,https://image4.homes.jp/smallimg/image.php?file=http%3A%2F%2Fimg.homes.jp%2F145606%2Frent%2F62416%2F2%2F2%2Fyeq0.jpg,JR総武本線 馬喰町駅,3
グランド・ガーラ門前仲町,東京都江東区福住2丁目3-16,東京メトロ東西線 門前仲町駅 徒歩7分,https://image.homes.jp/smallimg/image.php?file=http%3A%2F%2Fimg.homes.jp%2F149488%2Frent%2F2696%2F2%2F1%2Fr139.jpg,東京メトロ東西線 門前仲町駅,7
グランド・ガーラ門前仲町,東京都江東区福住2丁目3-16, 都営大江戸線 清澄白河駅 徒歩11分,https://image.homes.jp/smallimg/image.php?file=http%3A%2F%2Fimg.homes.jp%2F149488%2Frent%2F2696%2F2%2F1%2Fr139.jpg,都営大江戸線 清澄白河駅,11
シーフォルム門前仲町,東京都江東区永代2丁目7-6,東京メトロ東西線 門前仲町駅 徒歩5分,https://image3.homes.jp/smallimg/image.php?file=http%3A%2F%2Fimg.homes.jp%2F149488%2Frent%2F2627%2F2%2F1%2Fzx09.jpg,東京メトロ東西線 門前仲町駅,5
シーフォルム門前仲町,東京都江東区永代2丁目7-6, JR京葉線 越中島駅 徒歩10分,https://image3.homes.jp/smallimg/image.php?file=http%3A%2F%2Fimg.homes.jp%2F149488%2Frent%2F2627%2F2%2F1%2Fzx09.jpg,JR京葉線 越中島駅,10
コンフォリア門前仲町ウエスト,東京都江東区佐賀1丁目5-2,東京メトロ東西線 門前仲町駅 徒歩9分,https://image3.homes.jp/smallimg/image.php?file=http%3A%2F%2Fimage.homes.renters.jp%2F78bd07bc-6e99-4be0-9041-1e5afb87fded_property_picture_4104_large.jpg,東京メトロ東西線 門前仲町駅,9
コンフォリア門前仲町ウエスト,東京都江東区佐賀1丁目5-2, 東京メトロ半蔵門線 水天宮前駅 徒歩11分,https://image3.homes.jp/smallimg/image.php?file=http%3A%2F%2Fimage.homes.renters.jp%2F78bd07bc-6e99-4be0-9041-1e5afb87fded_property_picture_4104_large.jpg,東京メトロ半蔵門線 水天宮前駅,11
グランドルチェ東日本橋,東京都中央区日本橋横山町2-2,JR総武本線 馬喰町駅 徒歩2分,https://image2.homes.jp/smallimg/image.php?file=http%3A%2F%2Fimage.homes.renters.jp%2Fc3fb39fb-cc96-4093-9abc-b0142cda5745_property_picture_4104_large.jpg,JR総武本線 馬喰町駅,2
グランドルチェ東日本橋,東京都中央区日本橋横山町2-2, 都営新宿線 馬喰横山駅 徒歩3分,https://image2.homes.jp/smallimg/image.php?file=http%3A%2F%2Fimage.homes.renters.jp%2Fc3fb39fb-cc96-4093-9abc-b0142cda5745_property_picture_4104_large.jpg,都営新宿線 馬喰横山駅,3
アジールコート銀座イースト,東京都中央区築地7丁目12-4,東京メトロ日比谷線 築地駅 徒歩5分,https://image2.homes.jp/smallimg/image.php?file=https%3A%2F%2Fimg-hc.s3-ap-northeast-1.amazonaws.com%2Fimg%2FiRoom%2F7526%2F7526064%2F7526064_2.jpg,東京メトロ日比谷線 築地駅,5
アジールコート銀座イースト,東京都中央区築地7丁目12-4, 東京メトロ有楽町線 新富町駅 徒歩9分,https://image2.homes.jp/smallimg/image.php?file=https%3A%2F%2Fimg-hc.s3-ap-northeast-1.amazonaws.com%2Fimg%2FiRoom%2F7526%2F7526064%2F7526064_2.jpg,東京メトロ有楽町線 新富町駅,9
ロイヤル東栄日本橋,東京都中央区日本橋小舟町,東京メトロ日比谷線 人形町駅 徒歩5分,https://image3.homes.jp/smallimg/image.php?file=http%3A%2F%2Fimage.homes.renters.jp%2F67fd57d1-a995-4d1e-9fa7-6c362b356c50_property_picture_6553_large.jpg,東京メトロ日比谷線 人形町駅,5
ロイヤル東栄日本橋,東京都中央区日本橋小舟町, 東京メトロ銀座線 三越前駅 徒歩5分,https://image3.homes.jp/smallimg/image.php?file=http%3A%2F%2Fimage.homes.renters.jp%2F67fd57d1-a995-4d1e-9fa7-6c362b356c50_property_picture_6553_large.jpg,東京メトロ銀座線 三越前駅,5
メディオ月島,東京都中央区月島3丁目3-5,東京メトロ有楽町線 月島駅 徒歩3分,https://image4.homes.jp/smallimg/image.php?file=http%3A%2F%2Fimage.homes.renters.jp%2F2f465adb-e3da-4dc3-a927-11c472de6071_property_picture_4104_large.jpg,東京メトロ有楽町線 月島駅,3
メディオ月島,東京都中央区月島3丁目3-5, 都営大江戸線 勝どき駅 徒歩9分,https://image4.homes.jp/smallimg/image.php?file=http%3A%2F%2Fimage.homes.renters.jp%2F2f465adb-e3da-4dc3-a927-11c472de6071_property_picture_4104_large.jpg,都営大江戸線 勝どき駅,9
クレヴィスタ門前仲町グラン,東京都江東区佐賀1丁目7-6,東京メトロ半蔵門線 水天宮前駅 徒歩9分,https://image4.homes.jp/smallimg/image.php?file=http%3A%2F%2Fimg.homes.jp%2F101709%2Frent%2F100335%2F2%2F1%2Fcygc.jpg,東京メトロ半蔵門線 水天宮前駅,9
クレヴィスタ門前仲町グラン,東京都江東区佐賀1丁目7-6, 東京メトロ東西線 門前仲町駅 徒歩9分,https://image4.homes.jp/smallimg/image.php?file=http%3A%2F%2Fimg.homes.jp%2F101709%2Frent%2F100335%2F2%2F1%2Fcygc.jpg,東京メトロ東西線 門前仲町駅,9
コンフォリア森下サウス,東京都江東区新大橋2丁目2-8,都営新宿線 森下駅 徒歩4分,https://image.homes.jp/smallimg/image.php?file=http%3A%2F%2Fimg.homes.jp%2F150080%2Frent%2F7499%2F2%2F2%2Flclg.jpg,都営新宿線 森下駅,4
コンフォリア森下サウス,東京都江東区新大橋2丁目2-8, 都営大江戸線 清澄白河駅 徒歩8分,https://image.homes.jp/smallimg/image.php?file=http%3A%2F%2Fimg.homes.jp%2F150080%2Frent%2F7499%2F2%2F2%2Flclg.jpg,都営大江戸線 清澄白河駅,8
ハーモニーコート月島,東京都中央区佃2丁目12-12,東京メトロ有楽町線 月島駅 徒歩3分,https://image4.homes.jp/smallimg/image.php?file=http%3A%2F%2Fimg.homes.jp%2F150735%2Frent%2F1392%2F2%2F1%2Fi1jb.jpg,東京メトロ有楽町線 月島駅,3
ハーモニーコート月島,東京都中央区佃2丁目12-12, JR京葉線 越中島駅 徒歩10分,https://image4.homes.jp/smallimg/image.php?file=http%3A%2F%2Fimg.homes.jp%2F150735%2Frent%2F1392%2F2%2F1%2Fi1jb.jpg,JR京葉線 越中島駅,10
ドムス・スタイル銀座東,東京都中央区築地6丁目9-1,東京メトロ日比谷線 築地駅 徒歩5分,https://image2.homes.jp/smallimg/image.php?file=http%3A%2F%2Fimage.homes.renters.jp%2F42ee0ac5-55f6-4599-a24f-5e99e521cfae_property_picture_4104_large.jpg,東京メトロ日比谷線 築地駅,5
ドムス・スタイル銀座東,東京都中央区築地6丁目9-1, 都営浅草線 東銀座駅 徒歩8分,https://image2.homes.jp/smallimg/image.php?file=http%3A%2F%2Fimage.homes.renters.jp%2F42ee0ac5-55f6-4599-a24f-5e99e521cfae_property_picture_4104_large.jpg,都営浅草線 東銀座駅,8
パークリュクス銀座8丁目mono,東京都中央区銀座8丁目15-4,都営大江戸線 汐留駅 徒歩5分,https://image3.homes.jp/smallimg/image.php?file=http%3A%2F%2Fimg.homes.jp%2F124352%2Frent%2F32056%2F2%2F1%2Fpj9o.jpg,都営大江戸線 汐留駅,5
パークリュクス銀座8丁目mono,東京都中央区銀座8丁目15-4, 都営大江戸線 築地市場駅 徒歩4分,https://image3.homes.jp/smallimg/image.php?file=http%3A%2F%2Fimg.homes.jp%2F124352%2Frent%2F32056%2F2%2F1%2Fpj9o.jpg,都営大江戸線 築地市場駅,4
パティオ神田,東京都千代田区岩本町2丁目,JR山手線 神田駅 徒歩6分,https://image.homes.jp/smallimg/image.php?file=http%3A%2F%2Fimage.homes.renters.jp%2Fb403b3c0-39d3-4d30-9975-c7fb14602365_property_picture_2355_large.jpg,JR山手線 神田駅,6
パティオ神田,東京都千代田区岩本町2丁目, JR山手線 秋葉原駅 徒歩9分,https://image.homes.jp/smallimg/image.php?file=http%3A%2F%2Fimage.homes.renters.jp%2Fb403b3c0-39d3-4d30-9975-c7fb14602365_property_picture_2355_large.jpg,JR山手線 秋葉原駅,9
エルスタンザ日本橋久松町,東京都中央区日本橋久松町4-11,都営浅草線 東日本橋駅 徒歩3分,https://image1.homes.jp/smallimg/image.php?file=http%3A%2F%2Fimg.homes.jp%2F150614%2Frent%2F2438%2F2%2F1%2Fi7v1.jpg,都営浅草線 東日本橋駅,3
エルスタンザ日本橋久松町,東京都中央区日本橋久松町4-11, 都営新宿線 馬喰横山駅 徒歩3分,https://image1.homes.jp/smallimg/image.php?file=http%3A%2F%2Fimg.homes.jp%2F150614%2Frent%2F2438%2F2%2F1%2Fi7v1.jpg,都営新宿線 馬喰横山駅,3
コンフォリア門前仲町サウス,東京都江東区牡丹1丁目13-6,東京メトロ東西線 門前仲町駅 徒歩5分,https://image.homes.jp/smallimg/image.php?file=http%3A%2F%2Fimage.homes.renters.jp%2F86cb2843-83b7-4dbb-b27b-3b51a437d82b_property_picture_4104_large.jpg,東京メトロ東西線 門前仲町駅,5
コンフォリア門前仲町サウス,東京都江東区牡丹1丁目13-6, JR京葉線 越中島駅 徒歩5分,https://image.homes.jp/smallimg/image.php?file=http%3A%2F%2Fimage.homes.renters.jp%2F86cb2843-83b7-4dbb-b27b-3b51a437d82b_property_picture_4104_large.jpg,JR京葉線 越中島駅,5
アイルイムーブル日本橋,東京都中央区日本橋小網町18-5,東京メトロ銀座線 三越前駅 徒歩5分,https://image1.homes.jp/smallimg/image.php?file=http%3A%2F%2Fimg.homes.jp%2F150614%2Frent%2F2527%2F2%2F1%2Fof4t.jpg,東京メトロ銀座線 三越前駅,5
アイルイムーブル日本橋,東京都中央区日本橋小網町18-5, 東京メトロ東西線 日本橋駅 徒歩7分,https://image1.homes.jp/smallimg/image.php?file=http%3A%2F%2Fimg.homes.jp%2F150614%2Frent%2F2527%2F2%2F1%2Fof4t.jpg,東京メトロ東西線 日本橋駅,7
ラフィーヴィル清澄白河ＥＡＳＴ,東京都江東区常盤1丁目,都営新宿線 森下駅 徒歩7分,https://image.homes.jp/smallimg/image.php?file=http%3A%2F%2Fimg.homes.jp%2F150304%2Frent%2F287%2F2%2F1%2F6l40.jpg,都営新宿線 森下駅,7
ラフィーヴィル清澄白河ＥＡＳＴ,東京都江東区常盤1丁目, 都営大江戸線 清澄白河駅 徒歩7分,https://image.homes.jp/smallimg/image.php?file=http%3A%2F%2Fimg.homes.jp%2F150304%2Frent%2F287%2F2%2F1%2F6l40.jpg,都営大江戸線 清澄白河駅,7
XEBEC人形町exz（ジーベック人形町エグゼ）,東京都中央区日本橋小舟町15-13,都営浅草線 人形町駅 徒歩4分,https://image1.homes.jp/smallimg/image.php?file=http%3A%2F%2Fimg.homes.jp%2F124352%2Frent%2F31531%2F2%2F1%2F2uso.jpg,都営浅草線 人形町駅,4
XEBEC人形町exz（ジーベック人形町エグゼ）,東京都中央区日本橋小舟町15-13, 東京メトロ銀座線 三越前駅 徒歩8分,https://image1.homes.jp/smallimg/image.php?file=http%3A%2F%2Fimg.homes.jp%2F124352%2Frent%2F31531%2F2%2F1%2F2uso.jpg,東京メトロ銀座線 三越前駅,8
アーバンステージ月島III,東京都中央区月島2丁目17-7,東京メトロ有楽町線 月島駅 徒歩2分,https://image4.homes.jp/smallimg/image.php?file=http%3A%2F%2Fimage.homes.renters.jp%2F1d1d7299-86e3-437c-93e8-ff3e3462f6e5_property_picture_4104_large.jpg,東京メトロ有楽町線 月島駅,2
アーバンステージ月島III,東京都中央区月島2丁目17-7, 都営大江戸線 勝どき駅 徒歩10分,https://image4.homes.jp/smallimg/image.php?file=http%3A%2F%2Fimage.homes.renters.jp%2F1d1d7299-86e3-437c-93e8-ff3e3462f6e5_property_picture_4104_large.jpg,都営大江戸線 勝どき駅,10
グランパレス東京八重洲アベニュー,東京都中央区新川2丁目29-3,東京メトロ日比谷線 八丁堀駅 徒歩5分,https://image.homes.jp/smallimg/image.php?file=http%3A%2F%2Fimg.homes.jp%2F150614%2Frent%2F2487%2F2%2F1%2F48e1.jpg,東京メトロ日比谷線 八丁堀駅,5
グランパレス東京八重洲アベニュー,東京都中央区新川2丁目29-3, 東京メトロ東西線 茅場町駅 徒歩10分,https://image.homes.jp/smallimg/image.php?file=http%3A%2F%2Fimg.homes.jp%2F150614%2Frent%2F2487%2F2%2F1%2F48e1.jpg,東京メトロ東西線 茅場町駅,10
スマートビラ神保町,東京都千代田区神田猿楽町1丁目5-19,JR中央線 御茶ノ水駅 徒歩6分,https://image1.homes.jp/smallimg/image.php?file=http%3A%2F%2Fimage.homes.renters.jp%2F86529e40-d564-4f45-b862-104f62a5328e_property_picture_4104_large.jpg,JR中央線 御茶ノ水駅,6
スマートビラ神保町,東京都千代田区神田猿楽町1丁目5-19, 都営三田線 神保町駅 徒歩4分,https://image1.homes.jp/smallimg/image.php?file=http%3A%2F%2Fimage.homes.renters.jp%2F86529e40-d564-4f45-b862-104f62a5328e_property_picture_4104_large.jpg,都営三田線 神保町駅,4
レジディア九段下II,東京都千代田区神田神保町3丁目,東京メトロ東西線 九段下駅 徒歩2分,https://image2.homes.jp/smallimg/image.php?file=http%3A%2F%2Fimg.homes.jp%2F118411%2Frent%2F68976%2F2%2F1%2Fj5d3.jpg,東京メトロ東西線 九段下駅,2
レジディア九段下II,東京都千代田区神田神保町3丁目, 都営新宿線 神保町駅 徒歩4分,https://image2.homes.jp/smallimg/image.php?file=http%3A%2F%2Fimg.homes.jp%2F118411%2Frent%2F68976%2F2%2F1%2Fj5d3.jpg,都営新宿線 神保町駅,4
ステージグランデ茅場町,東京都中央区新川1丁目25-16,JR京葉線 八丁堀駅 徒歩6分,https://image2.homes.jp/smallimg/image.php?file=http%3A%2F%2Fimg.homes.jp%2F139453%2Frent%2F25200%2F2%2F2%2Fxnoh.jpg,JR京葉線 八丁堀駅,6
ステージグランデ茅場町,東京都中央区新川1丁目25-16, 東京メトロ東西線 茅場町駅 徒歩7分,https://image2.homes.jp/smallimg/image.php?file=http%3A%2F%2Fimg.homes.jp%2F139453%2Frent%2F25200%2F2%2F2%2Fxnoh.jpg,東京メトロ東西線 茅場町駅,7
ロメック月島,東京都中央区佃3丁目7-7,東京メトロ有楽町線 月島駅 徒歩1分,https://image2.homes.jp/smallimg/image.php?file=http%3A%2F%2Fimg.homes.jp%2F134690%2Frent%2F21886%2F2%2F1%2Fv3tm.jpg,東京メトロ有楽町線 月島駅,1
ロメック月島,東京都中央区佃3丁目7-7, JR京葉線 越中島駅 徒歩12分,https://image2.homes.jp/smallimg/image.php?file=http%3A%2F%2Fimg.homes.jp%2F134690%2Frent%2F21886%2F2%2F1%2Fv3tm.jpg,JR京葉線 越中島駅,12
Kairos銀座EAST,東京都中央区湊3丁目14-11,JR京葉線 八丁堀駅 徒歩7分,https://image4.homes.jp/smallimg/image.php?file=http%3A%2F%2Fimage.homes.renters.jp%2F5ae9ec95-beff-4baf-b5b3-7198969e32ac_property_picture_4104_large.jpg,JR京葉線 八丁堀駅,7
Kairos銀座EAST,東京都中央区湊3丁目14-11, 東京メトロ有楽町線 新富町駅 徒歩7分,https://image4.homes.jp/smallimg/image.php?file=http%3A%2F%2Fimage.homes.renters.jp%2F5ae9ec95-beff-4baf-b5b3-7198969e32ac_property_picture_4104_large.jpg,東京メトロ有楽町線 新富町駅,7
ハーモニーレジデンス門前仲町,東京都江東区永代1丁目,東京メトロ東西線 門前仲町駅 徒歩6分,https://image3.homes.jp/smallimg/image.php?file=http%3A%2F%2Fimage.homes.renters.jp%2Fa19b8dbb-5bbe-49a8-a164-162a4f3b1a33_property_picture_3132_large.jpg,東京メトロ東西線 門前仲町駅,6
ハーモニーレジデンス門前仲町,東京都江東区永代1丁目, JR京葉線 越中島駅 徒歩12分,https://image3.homes.jp/smallimg/image.php?file=http%3A%2F%2Fimage.homes.renters.jp%2Fa19b8dbb-5bbe-49a8-a164-162a4f3b1a33_property_picture_3132_large.jpg,JR京葉線 越中島駅,12
セ・マニフィーク　月島,東京都中央区月島1丁目,東京メトロ有楽町線 月島駅 徒歩3分,https://image4.homes.jp/smallimg/image.php?file=https%3A%2F%2Fimg-dk.s3-ap-northeast-1.amazonaws.com%2Fimg%2Froom%2F24%2F24088%2F24088_2.jpg,東京メトロ有楽町線 月島駅,3
セ・マニフィーク　月島,東京都中央区月島1丁目, 都営大江戸線 月島駅 徒歩3分,https://image4.homes.jp/smallimg/image.php?file=https%3A%2F%2Fimg-dk.s3-ap-northeast-1.amazonaws.com%2Fimg%2Froom%2F24%2F24088%2F24088_2.jpg,都営大江戸線 月島駅,3
月島輝夜,東京都中央区月島3丁目15-8,東京メトロ有楽町線 月島駅 徒歩5分,https://image2.homes.jp/smallimg/image.php?file=http%3A%2F%2Fimage.homes.renters.jp%2F80f58f23-7b83-474a-9480-c5eb3e862de8_property_picture_4104_large.jpg,東京メトロ有楽町線 月島駅,5
月島輝夜,東京都中央区月島3丁目15-8, 都営大江戸線 勝どき駅 徒歩5分,https://image2.homes.jp/smallimg/image.php?file=http%3A%2F%2Fimage.homes.renters.jp%2F80f58f23-7b83-474a-9480-c5eb3e862de8_property_picture_4104_large.jpg,都営大江戸線 勝どき駅,5
XEBEC門前仲町,東京都江東区永代1丁目14-27,東京メトロ東西線 門前仲町駅 徒歩6分,https://image.homes.jp/smallimg/image.php?file=http%3A%2F%2Fimg.homes.jp%2F101709%2Frent%2F100356%2F2%2F1%2Fbfn0.jpg,東京メトロ東西線 門前仲町駅,6
XEBEC門前仲町,東京都江東区永代1丁目14-27, JR京葉線 越中島駅 徒歩13分,https://image.homes.jp/smallimg/image.php?file=http%3A%2F%2Fimg.homes.jp%2F101709%2Frent%2F100356%2F2%2F1%2Fbfn0.jpg,JR京葉線 越中島駅,13
プライムブリス門前仲町,東京都江東区永代2丁目36-5,都営大江戸線 門前仲町駅 徒歩6分,https://image.homes.jp/smallimg/image.php?file=http%3A%2F%2Fimage.homes.renters.jp%2Fa0598a26-f942-423b-9f5e-2036cb1eda7f_property_picture_4104_large.jpg,都営大江戸線 門前仲町駅,6
プライムブリス門前仲町,東京都江東区永代2丁目36-5, JR京葉線 越中島駅 徒歩13分,https://image.homes.jp/smallimg/image.php?file=http%3A%2F%2Fimage.homes.renters.jp%2Fa0598a26-f942-423b-9f5e-2036cb1eda7f_property_picture_4104_large.jpg,JR京葉線 越中島駅,13
ＶｉｅｗＴｅｒｒａｃｅ日本橋（ビューテラス日本橋）,東京都中央区日本橋中洲6-10,東京メトロ半蔵門線 水天宮前駅 徒歩7分,https://image4.homes.jp/smallimg/image.php?file=http%3A%2F%2Fimg.homes.jp%2F124352%2Frent%2F31684%2F2%2F1%2Fnkiy.jpg,東京メトロ半蔵門線 水天宮前駅,7
ＶｉｅｗＴｅｒｒａｃｅ日本橋（ビューテラス日本橋）,東京都中央区日本橋中洲6-10, 都営新宿線 浜町駅 徒歩7分,https://image4.homes.jp/smallimg/image.php?file=http%3A%2F%2Fimg.homes.jp%2F124352%2Frent%2F31684%2F2%2F1%2Fnkiy.jpg,都営新宿線 浜町駅,7
ＧＲＡＮ　ＰＡＳＥＯ　日本橋箱崎町（グランパセオ日本橋箱崎町,東京都中央区日本橋箱崎町9-4,東京メトロ半蔵門線 水天宮前駅 徒歩5分,https://image2.homes.jp/smallimg/image.php?file=http%3A%2F%2Fimg.homes.jp%2F126717%2Frent%2F24426%2F2%2F1%2F40yr.jpg,東京メトロ半蔵門線 水天宮前駅,5
ＧＲＡＮ　ＰＡＳＥＯ　日本橋箱崎町（グランパセオ日本橋箱崎町,東京都中央区日本橋箱崎町9-4, 東京メトロ東西線 茅場町駅 徒歩6分,https://image2.homes.jp/smallimg/image.php?file=http%3A%2F%2Fimg.homes.jp%2F126717%2Frent%2F24426%2F2%2F1%2F40yr.jpg,東京メトロ東西線 茅場町駅,6
パークリュクス門前仲町mono,東京都江東区佐賀1丁目12-1,東京メトロ半蔵門線 水天宮前駅 徒歩7分,https://image1.homes.jp/smallimg/image.php?file=http%3A%2F%2Fimg.homes.jp%2F134690%2Frent%2F20074%2F2%2F1%2Fgorh.jpg,東京メトロ半蔵門線 水天宮前駅,7
パークリュクス門前仲町mono,東京都江東区佐賀1丁目12-1, 都営大江戸線 門前仲町駅 徒歩11分,https://image1.homes.jp/smallimg/image.php?file=http%3A%2F%2Fimg.homes.jp%2F134690%2Frent%2F20074%2F2%2F1%2Fgorh.jpg,都営大江戸線 門前仲町駅,11
グランフェリシア,東京都中央区日本橋蛎殻町1丁目37-4,東京メトロ半蔵門線 水天宮前駅 徒歩2分,https://image1.homes.jp/smallimg/image.php?file=http%3A%2F%2Fimage.homes.renters.jp%2F10b43afd-8572-4018-bd69-562fcaa31a2e_property_picture_4104_large.jpg,東京メトロ半蔵門線 水天宮前駅,2
グランフェリシア,東京都中央区日本橋蛎殻町1丁目37-4, 東京メトロ日比谷線 人形町駅 徒歩5分,https://image1.homes.jp/smallimg/image.php?file=http%3A%2F%2Fimage.homes.renters.jp%2F10b43afd-8572-4018-bd69-562fcaa31a2e_property_picture_4104_large.jpg,東京メトロ日比谷線 人形町駅,5
プラウドフラット八丁堀,東京都中央区八丁堀1丁目8-5,東京メトロ日比谷線 八丁堀駅 徒歩3分,https://image.homes.jp/smallimg/image.php?file=http%3A%2F%2Fimage.homes.renters.jp%2Fd531fbb5-09e4-44a6-bc58-0ee127a26aa6_property_picture_4104_large.jpg,東京メトロ日比谷線 八丁堀駅,3
プラウドフラット八丁堀,東京都中央区八丁堀1丁目8-5, 東京メトロ東西線 茅場町駅 徒歩3分,https://image.homes.jp/smallimg/image.php?file=http%3A%2F%2Fimage.homes.renters.jp%2Fd531fbb5-09e4-44a6-bc58-0ee127a26aa6_property_picture_4104_large.jpg,東京メトロ東西線 茅場町駅,3
プランドール水天宮,東京都中央区日本橋蛎殻町2丁目2-2,東京メトロ半蔵門線 水天宮前駅 徒歩1分,https://image2.homes.jp/smallimg/image.php?file=http%3A%2F%2Fimage.homes.renters.jp%2F590965ea-3e5f-4935-b1f4-476193e15f19_property_picture_4104_large.jpg,東京メトロ半蔵門線 水天宮前駅,1
プランドール水天宮,東京都中央区日本橋蛎殻町2丁目2-2, 東京メトロ日比谷線 人形町駅 徒歩5分,https://image2.homes.jp/smallimg/image.php?file=http%3A%2F%2Fimage.homes.renters.jp%2F590965ea-3e5f-4935-b1f4-476193e15f19_property_picture_4104_large.jpg,東京メトロ日比谷線 人形町駅,5
ハイム芙蓉,東京都江東区永代2丁目28-3,東京メトロ東西線 門前仲町駅 徒歩3分,https://image3.homes.jp/smallimg/image.php?file=http%3A%2F%2Fimage.homes.renters.jp%2Fd819e6e6-0f30-48dd-a2ed-6c3077d9cf6f_property_picture_4104_large.jpg,東京メトロ東西線 門前仲町駅,3
ハイム芙蓉,東京都江東区永代2丁目28-3, JR京葉線 越中島駅 徒歩9分,https://image3.homes.jp/smallimg/image.php?file=http%3A%2F%2Fimage.homes.renters.jp%2Fd819e6e6-0f30-48dd-a2ed-6c3077d9cf6f_property_picture_4104_large.jpg,JR京葉線 越中島駅,9
ジェノヴィア水天宮前2スカイガーデン,東京都中央区日本橋中洲10-7,東京メトロ半蔵門線 水天宮前駅 徒歩7分,https://image2.homes.jp/smallimg/image.php?file=http%3A%2F%2Fimage.homes.renters.jp%2Fe4f25e68-7c9d-42b7-b90a-a5d1a3e7dff1_property_picture_4104_large.jpg,東京メトロ半蔵門線 水天宮前駅,7
ジェノヴィア水天宮前2スカイガーデン,東京都中央区日本橋中洲10-7, 都営新宿線 浜町駅 徒歩7分,https://image2.homes.jp/smallimg/image.php?file=http%3A%2F%2Fimage.homes.renters.jp%2Fe4f25e68-7c9d-42b7-b90a-a5d1a3e7dff1_property_picture_4104_large.jpg,都営新宿線 浜町駅,7
スカイコートパレス月島,東京都中央区佃2丁目5-13,東京メトロ有楽町線 月島駅 徒歩3分,https://image.homes.jp/smallimg/image.php?file=http%3A%2F%2Fimg.homes.jp%2F117815%2Frent%2F28069%2F2%2F1%2Fdgju.jpg,東京メトロ有楽町線 月島駅,3
スカイコートパレス月島,東京都中央区佃2丁目5-13, JR京葉線 越中島駅 徒歩13分,https://image.homes.jp/smallimg/image.php?file=http%3A%2F%2Fimg.homes.jp%2F117815%2Frent%2F28069%2F2%2F1%2Fdgju.jpg,JR京葉線 越中島駅,13
クレヴィスタ門前仲町,東京都江東区永代2丁目20-11,都営大江戸線 門前仲町駅 徒歩4分,https://image4.homes.jp/smallimg/image.php?file=http%3A%2F%2Fimg.homes.jp%2F103733%2Frent%2F75199%2F2%2F1%2Femtw.jpg,都営大江戸線 門前仲町駅,4
クレヴィスタ門前仲町,東京都江東区永代2丁目20-11, JR京葉線 越中島駅 徒歩7分,https://image4.homes.jp/smallimg/image.php?file=http%3A%2F%2Fimg.homes.jp%2F103733%2Frent%2F75199%2F2%2F1%2Femtw.jpg,JR京葉線 越中島駅,7
ジェノヴィア東日本橋駅前グリーンヴェール,東京都中央区東日本橋3丁目7-14,都営浅草線 東日本橋駅 徒歩1分,https://image1.homes.jp/smallimg/image.php?file=http%3A%2F%2Fimg.homes.jp%2F101709%2Frent%2F101150%2F2%2F1%2F87ry.jpg,都営浅草線 東日本橋駅,1
ジェノヴィア東日本橋駅前グリーンヴェール,東京都中央区東日本橋3丁目7-14, 都営新宿線 馬喰横山駅 徒歩1分,https://image1.homes.jp/smallimg/image.php?file=http%3A%2F%2Fimg.homes.jp%2F101709%2Frent%2F101150%2F2%2F1%2F87ry.jpg,都営新宿線 馬喰横山駅,1
リヴシティ神田,東京都千代田区神田富山町,東京メトロ銀座線 神田駅 徒歩4分,https://image2.homes.jp/smallimg/image.php?file=http%3A%2F%2Fimg.homes.jp%2F116095%2Frent%2F71925%2F2%2F1%2F4v55.jpg,東京メトロ銀座線 神田駅,4
リヴシティ神田,東京都千代田区神田富山町, 東京メトロ日比谷線 秋葉原駅 徒歩6分,https://image2.homes.jp/smallimg/image.php?file=http%3A%2F%2Fimg.homes.jp%2F116095%2Frent%2F71925%2F2%2F1%2F4v55.jpg,東京メトロ日比谷線 秋葉原駅,6
スカイコートパレス八丁堀,東京都中央区新川2丁目12-4,東京メトロ日比谷線 八丁堀駅 徒歩5分,https://image3.homes.jp/smallimg/image.php?file=http%3A%2F%2Fimg.homes.jp%2F117815%2Frent%2F28220%2F2%2F1%2Fbf0v.jpg,東京メトロ日比谷線 八丁堀駅,5
スカイコートパレス八丁堀,東京都中央区新川2丁目12-4, 東京メトロ東西線 茅場町駅 徒歩6分,https://image3.homes.jp/smallimg/image.php?file=http%3A%2F%2Fimg.homes.jp%2F117815%2Frent%2F28220%2F2%2F1%2Fbf0v.jpg,東京メトロ東西線 茅場町駅,6
オープンレジデンシア銀座二丁目,東京都中央区銀座2丁目16-16,東京メトロ有楽町線 新富町駅 徒歩4分,https://image3.homes.jp/smallimg/image.php?file=http%3A%2F%2Fimg.homes.jp%2F124352%2Frent%2F29906%2F2%2F1%2Fi4s4.jpg,東京メトロ有楽町線 新富町駅,4
オープンレジデンシア銀座二丁目,東京都中央区銀座2丁目16-16, 東京メトロ丸ノ内線 銀座駅 徒歩7分,https://image3.homes.jp/smallimg/image.php?file=http%3A%2F%2Fimg.homes.jp%2F124352%2Frent%2F29906%2F2%2F1%2Fi4s4.jpg,東京メトロ丸ノ内線 銀座駅,7
アヴェルーナ月島,東京都中央区月島3丁目16-1,東京メトロ有楽町線 月島駅 徒歩4分,https://image2.homes.jp/smallimg/image.php?file=http%3A%2F%2Fimg.homes.jp%2F150736%2Frent%2F1787%2F2%2F1%2Fatrq.jpg,東京メトロ有楽町線 月島駅,4
アヴェルーナ月島,東京都中央区月島3丁目16-1, 都営大江戸線 勝どき駅 徒歩6分,https://image2.homes.jp/smallimg/image.php?file=http%3A%2F%2Fimg.homes.jp%2F150736%2Frent%2F1787%2F2%2F1%2Fatrq.jpg,都営大江戸線 勝どき駅,6
パークアクシス茅場町,東京都中央区新川1丁目26-6,東京メトロ日比谷線 茅場町駅 徒歩8分,https://image2.homes.jp/smallimg/image.php?file=http%3A%2F%2Fimage.homes.renters.jp%2F8f7766d8-fa64-4083-86b9-e06119bd31b6_property_picture_4104_large.jpg,東京メトロ日比谷線 茅場町駅,8
パークアクシス茅場町,東京都中央区新川1丁目26-6, 東京メトロ日比谷線 八丁堀駅 徒歩6分,https://image2.homes.jp/smallimg/image.php?file=http%3A%2F%2Fimage.homes.renters.jp%2F8f7766d8-fa64-4083-86b9-e06119bd31b6_property_picture_4104_large.jpg,東京メトロ日比谷線 八丁堀駅,6
ジェノヴィア水天宮前スカイガーデン,東京都江東区佐賀1丁目14-8,東京メトロ東西線 門前仲町駅 徒歩9分,https://image1.homes.jp/smallimg/image.php?file=http%3A%2F%2Fimg.homes.jp%2F118217%2Frent%2F65758%2F2%2F1%2For09.jpg,東京メトロ東西線 門前仲町駅,9
ジェノヴィア水天宮前スカイガーデン,東京都江東区佐賀1丁目14-8, 東京メトロ半蔵門線 水天宮前駅 徒歩9分,https://image1.homes.jp/smallimg/image.php?file=http%3A%2F%2Fimg.homes.jp%2F118217%2Frent%2F65758%2F2%2F1%2For09.jpg,東京メトロ半蔵門線 水天宮前駅,9
アズ日本橋人形町,東京都中央区日本橋人形町2丁目33-3,東京メトロ日比谷線 人形町駅 徒歩4分,https://image1.homes.jp/smallimg/image.php?file=http%3A%2F%2Fimage.homes.renters.jp%2F2d2a5061-8da9-4348-8af8-23edffcf870d_property_picture_4104_large.jpg,東京メトロ日比谷線 人形町駅,4
アズ日本橋人形町,東京都中央区日本橋人形町2丁目33-3, 東京メトロ半蔵門線 水天宮前駅 徒歩4分,https://image1.homes.jp/smallimg/image.php?file=http%3A%2F%2Fimage.homes.renters.jp%2F2d2a5061-8da9-4348-8af8-23edffcf870d_property_picture_4104_large.jpg,東京メトロ半蔵門線 水天宮前駅,4
Log銀座東／ログ銀座東,東京都中央区新富1丁目17-9,東京メトロ有楽町線 新富町駅 徒歩2分,https://image4.homes.jp/smallimg/image.php?file=http%3A%2F%2Fimg.homes.jp%2F133035%2Frent%2F20194%2F2%2F1%2F4k92.jpg,東京メトロ有楽町線 新富町駅,2
Log銀座東／ログ銀座東,東京都中央区新富1丁目17-9, JR京葉線 八丁堀駅 徒歩6分,https://image4.homes.jp/smallimg/image.php?file=http%3A%2F%2Fimg.homes.jp%2F133035%2Frent%2F20194%2F2%2F1%2F4k92.jpg,JR京葉線 八丁堀駅,6
ププレＭＩＹＡ八丁堀,東京都中央区八丁堀2丁目,東京メトロ日比谷線 八丁堀駅 徒歩1分,https://image.homes.jp/smallimg/image.php?file=http%3A%2F%2Fimg.homes.jp%2F145703%2Frent%2F60836%2F2%2F1%2Fnu1f.jpg,東京メトロ日比谷線 八丁堀駅,1
ププレＭＩＹＡ八丁堀,東京都中央区八丁堀2丁目, 東京メトロ東西線 茅場町駅 徒歩8分,https://image.homes.jp/smallimg/image.php?file=http%3A%2F%2Fimg.homes.jp%2F145703%2Frent%2F60836%2F2%2F1%2Fnu1f.jpg,東京メトロ東西線 茅場町駅,8
ディームス日本橋水天宮,東京都中央区日本橋箱崎町14-1,東京メトロ半蔵門線 水天宮前駅 徒歩4分,https://image.homes.jp/smallimg/image.php?file=http%3A%2F%2Fimage.homes.renters.jp%2F7a5afb1b-6d3b-4c53-a3d1-06f86dae9ab6_property_picture_4104_large.jpg,東京メトロ半蔵門線 水天宮前駅,4
ディームス日本橋水天宮,東京都中央区日本橋箱崎町14-1, 東京メトロ東西線 茅場町駅 徒歩6分,https://image.homes.jp/smallimg/image.php?file=http%3A%2F%2Fimage.homes.renters.jp%2F7a5afb1b-6d3b-4c53-a3d1-06f86dae9ab6_property_picture_4104_large.jpg,東京メトロ東西線 茅場町駅,6
パークウッドレジデンス日本橋,東京都中央区日本橋堀留町2丁目5-10,東京メトロ日比谷線 小伝馬町駅 徒歩3分,https://image4.homes.jp/smallimg/image.php?file=http%3A%2F%2Fimage.homes.renters.jp%2Ff7405c80-7721-4b4d-9837-63262eb47a77_property_picture_4104_large.jpg,東京メトロ日比谷線 小伝馬町駅,3
パークウッドレジデンス日本橋,東京都中央区日本橋堀留町2丁目5-10, 都営浅草線 人形町駅 徒歩5分,https://image4.homes.jp/smallimg/image.php?file=http%3A%2F%2Fimage.homes.renters.jp%2Ff7405c80-7721-4b4d-9837-63262eb47a77_property_picture_4104_large.jpg,都営浅草線 人形町駅,5
Liaison銀座一丁目（リエゾン銀座一丁目）,東京都中央区銀座1丁目24-2,東京メトロ有楽町線 新富町駅 徒歩4分,https://image2.homes.jp/smallimg/image.php?file=http%3A%2F%2Fimg.homes.jp%2F134690%2Frent%2F21994%2F2%2F1%2F59qf.jpg,東京メトロ有楽町線 新富町駅,4
Liaison銀座一丁目（リエゾン銀座一丁目）,東京都中央区銀座1丁目24-2, 都営浅草線 宝町駅 徒歩5分,https://image2.homes.jp/smallimg/image.php?file=http%3A%2F%2Fimg.homes.jp%2F134690%2Frent%2F21994%2F2%2F1%2F59qf.jpg,都営浅草線 宝町駅,5
グランドコンシェルジュ日本橋,東京都中央区日本橋蛎殻町1丁目9-3,東京メトロ半蔵門線 水天宮前駅 徒歩3分,https://image3.homes.jp/smallimg/image.php?file=http%3A%2F%2Fimg.homes.jp%2F149488%2Frent%2F2512%2F2%2F1%2F9c4q.jpg,東京メトロ半蔵門線 水天宮前駅,3
グランドコンシェルジュ日本橋,東京都中央区日本橋蛎殻町1丁目9-3, 東京メトロ日比谷線 人形町駅 徒歩5分,https://image3.homes.jp/smallimg/image.php?file=http%3A%2F%2Fimg.homes.jp%2F149488%2Frent%2F2512%2F2%2F1%2F9c4q.jpg,東京メトロ日比谷線 人形町駅,5
ブレシア日本橋蛎殻町,東京都中央区日本橋蛎殻町1丁目25-5,東京メトロ半蔵門線 水天宮前駅 徒歩3分,https://image2.homes.jp/smallimg/image.php?file=http%3A%2F%2Fimg.homes.jp%2F138612%2Frent%2F196053%2F2%2F2%2Fb714.jpg,東京メトロ半蔵門線 水天宮前駅,3
ブレシア日本橋蛎殻町,東京都中央区日本橋蛎殻町1丁目25-5, 東京メトロ日比谷線 茅場町駅 徒歩6分,https://image2.homes.jp/smallimg/image.php?file=http%3A%2F%2Fimg.homes.jp%2F138612%2Frent%2F196053%2F2%2F2%2Fb714.jpg,東京メトロ日比谷線 茅場町駅,6
吉本ビル　シェアハウス,東京都中央区日本橋浜町1丁目4-8,都営新宿線 浜町駅 徒歩2分,https://image4.homes.jp/smallimg/image.php?file=http%3A%2F%2Fimg.homes.jp%2F127220%2Frent%2F1113%2F2%2F15%2F6s6u.jpg,都営新宿線 浜町駅,2
吉本ビル　シェアハウス,東京都中央区日本橋浜町1丁目4-8, 都営浅草線 東日本橋駅 徒歩5分,https://image4.homes.jp/smallimg/image.php?file=http%3A%2F%2Fimg.homes.jp%2F127220%2Frent%2F1113%2F2%2F15%2F6s6u.jpg,都営浅草線 東日本橋駅,5
モノトーノ門前仲町,東京都江東区永代2丁目10-6,東京メトロ東西線 門前仲町駅 徒歩5分,https://image3.homes.jp/smallimg/image.php?file=http%3A%2F%2Fimg.homes.jp%2F149488%2Frent%2F2616%2F2%2F1%2F6qh0.jpg,東京メトロ東西線 門前仲町駅,5
モノトーノ門前仲町,東京都江東区永代2丁目10-6, JR京葉線 越中島駅 徒歩10分,https://image3.homes.jp/smallimg/image.php?file=http%3A%2F%2Fimg.homes.jp%2F149488%2Frent%2F2616%2F2%2F1%2F6qh0.jpg,JR京葉線 越中島駅,10
アーバンステージ月島,東京都中央区月島1丁目19-9,東京メトロ有楽町線 月島駅 徒歩2分,https://image.homes.jp/smallimg/image.php?file=http%3A%2F%2Fimg.homes.jp%2F150736%2Frent%2F2995%2F2%2F1%2Fvkzw.jpg,東京メトロ有楽町線 月島駅,2
アーバンステージ月島,東京都中央区月島1丁目19-9, 都営大江戸線 勝どき駅 徒歩9分,https://image.homes.jp/smallimg/image.php?file=http%3A%2F%2Fimg.homes.jp%2F150736%2Frent%2F2995%2F2%2F1%2Fvkzw.jpg,都営大江戸線 勝どき駅,9
セイラン水天宮前,東京都中央区日本橋蛎殻町1丁目35-5,東京メトロ半蔵門線 水天宮前駅 徒歩1分,https://image2.homes.jp/smallimg/image.php?file=http%3A%2F%2Fimg.homes.jp%2F126717%2Frent%2F24428%2F2%2F1%2Fseww.jpg,東京メトロ半蔵門線 水天宮前駅,1
セイラン水天宮前,東京都中央区日本橋蛎殻町1丁目35-5, 東京メトロ東西線 茅場町駅 徒歩8分,https://image2.homes.jp/smallimg/image.php?file=http%3A%2F%2Fimg.homes.jp%2F126717%2Frent%2F24428%2F2%2F1%2Fseww.jpg,東京メトロ東西線 茅場町駅,8
エステムプラザ日本橋弐番館,東京都中央区日本橋浜町3丁目,東京メトロ半蔵門線 水天宮前駅 徒歩8分,https://image1.homes.jp/smallimg/image.php?file=http%3A%2F%2Fimg.homes.jp%2F118411%2Frent%2F66693%2F2%2F1%2Frlgq.jpg,東京メトロ半蔵門線 水天宮前駅,8
エステムプラザ日本橋弐番館,東京都中央区日本橋浜町3丁目, 都営新宿線 浜町駅 徒歩6分,https://image1.homes.jp/smallimg/image.php?file=http%3A%2F%2Fimg.homes.jp%2F118411%2Frent%2F66693%2F2%2F1%2Frlgq.jpg,都営新宿線 浜町駅,6
ＴＨＥ　ＴＯＫＹＯ　ＴＯＷＥＲＳ　ＳＥＡ　ＴＯＷＥＲ,東京都中央区勝どき6丁目,都営大江戸線 勝どき駅 徒歩7分,https://image4.homes.jp/smallimg/image.php?file=http%3A%2F%2Fimg.homes.jp%2F133481%2Frent%2F1248%2F2%2F2%2Fpou4.jpg,都営大江戸線 勝どき駅,7
ＴＨＥ　ＴＯＫＹＯ　ＴＯＷＥＲＳ　ＳＥＡ　ＴＯＷＥＲ,東京都中央区勝どき6丁目, JR山手線 東京駅 バス21分 新島橋下車 徒歩3分,https://image4.homes.jp/smallimg/image.php?file=http%3A%2F%2Fimg.homes.jp%2F133481%2Frent%2F1248%2F2%2F2%2Fpou4.jpg,JR山手線 東京駅 バス21分 新島橋下車,3
クアトロアルカ九段,東京都千代田区九段北1丁目7-8,東京メトロ東西線 九段下駅 徒歩5分,https://image3.homes.jp/smallimg/image.php?file=http%3A%2F%2Fimage.homes.renters.jp%2Fe4deb84f-106c-4ded-bc46-a9f05fa1a8be_property_picture_4104_large.jpg,東京メトロ東西線 九段下駅,5
クアトロアルカ九段,東京都千代田区九段北1丁目7-8, JR総武線 飯田橋駅 徒歩8分,https://image3.homes.jp/smallimg/image.php?file=http%3A%2F%2Fimage.homes.renters.jp%2Fe4deb84f-106c-4ded-bc46-a9f05fa1a8be_property_picture_4104_large.jpg,JR総武線 飯田橋駅,8
