title,address,station,photo,line,station_name,walk,緯度,経度
ビューノ八重洲通り,東京都中央区八丁堀2丁目,東京メトロ日比谷線 八丁堀駅 徒歩3分,https://image.homes.jp/smallimg/image.php?file=http%3A%2F%2Fimg.homes.jp%2F148961%2Frent%2F3446%2F2%2F1%2Fbjbo.jpg,東京メトロ日比谷線, 八丁堀駅,3,35.676627,139.7763905
ビューノ八重洲通り,東京都中央区八丁堀2丁目, JR山手線 東京駅 徒歩10分,https://image.homes.jp/smallimg/image.php?file=http%3A%2F%2Fimg.homes.jp%2F148961%2Frent%2F3446%2F2%2F1%2Fbjbo.jpg, JR山手線, 東京駅,10,35.676627,139.7763905
八丁堀レジデンス壱番館,東京都中央区湊1丁目1-17,東京メトロ日比谷線 八丁堀駅 徒歩2分,https://image.homes.jp/smallimg/image.php?file=http%3A%2F%2Fimg.homes.jp%2F135211%2Frent%2F287331%2F2%2F20%2Fg7jy.jpg,東京メトロ日比谷線, 八丁堀駅,2,35.673369,139.7787641
八丁堀レジデンス壱番館,東京都中央区湊1丁目1-17, JR山手線 東京駅 徒歩19分,https://image.homes.jp/smallimg/image.php?file=http%3A%2F%2Fimg.homes.jp%2F135211%2Frent%2F287331%2F2%2F20%2Fg7jy.jpg, JR山手線, 東京駅,19,35.673369,139.7787641
ロッツエン八丁堀,東京都中央区八丁堀1丁目8-1,JR山手線 東京駅 徒歩11分,https://image2.homes.jp/smallimg/image.php?file=http%3A%2F%2Fimg.homes.jp%2F103996%2Frent%2F694060%2F2%2F2%2Facum.jpg,JR山手線, 東京駅,11,35.6777768,139.7770469
ロッツエン八丁堀,東京都中央区八丁堀1丁目8-1, JR山手線 東京駅 徒歩11分,https://image2.homes.jp/smallimg/image.php?file=http%3A%2F%2Fimg.homes.jp%2F103996%2Frent%2F694060%2F2%2F2%2Facum.jpg, JR山手線, 東京駅,11,35.6777768,139.7770469
Log新川／ログ新川,東京都中央区新川2丁目20-10,JR京葉線 八丁堀駅 徒歩3分,https://image1.homes.jp/smallimg/image.php?file=http%3A%2F%2Fimg.homes.jp%2F133035%2Frent%2F20195%2F2%2F1%2Fkqbl.jpg,JR京葉線, 八丁堀駅,3,35.6736824,139.7814432
Log新川／ログ新川,東京都中央区新川2丁目20-10, JR山手線 東京駅 徒歩20分,https://image1.homes.jp/smallimg/image.php?file=http%3A%2F%2Fimg.homes.jp%2F133035%2Frent%2F20195%2F2%2F1%2Fkqbl.jpg, JR山手線, 東京駅,20,35.6736824,139.7814432
パークアクシス日本橋茅場町,東京都中央区日本橋茅場町2丁目3-10,東京メトロ日比谷線 茅場町駅 徒歩3分,https://image1.homes.jp/smallimg/image.php?file=http%3A%2F%2Fimage.homes.renters.jp%2F7cc7b62c-ba44-41db-b1aa-c265a1c04e6b_property_picture_2386_large.jpg,東京メトロ日比谷線, 茅場町駅,3,35.6790983,139.7774097
パークアクシス日本橋茅場町,東京都中央区日本橋茅場町2丁目3-10, JR山手線 東京駅 徒歩11分,https://image1.homes.jp/smallimg/image.php?file=http%3A%2F%2Fimage.homes.renters.jp%2F7cc7b62c-ba44-41db-b1aa-c265a1c04e6b_property_picture_2386_large.jpg, JR山手線, 東京駅,11,35.6790983,139.7774097
パークアクシス日本橋茅場町,東京都中央区日本橋茅場町2丁目3-10, 東京地下鉄銀座線 日本橋 徒歩6分,https://image1.homes.jp/smallimg/image.php?file=http%3A%2F%2Fimage.homes.renters.jp%2F7cc7b62c-ba44-41db-b1aa-c265a1c04e6b_property_picture_2386_large.jpg, 東京地下鉄銀座線, 日本橋 徒歩6分駅,6,35.6790983,139.7774097
パークアクシス日本橋兜町,東京都中央区日本橋兜町20-7,東京メトロ日比谷線 茅場町駅 徒歩4分,https://image.homes.jp/smallimg/image.php?file=http%3A%2F%2Fimg.homes.jp%2F120697%2Frent%2F400678%2F2%2F2%2F6jh4.jpg,東京メトロ日比谷線, 茅場町駅,4,35.6785765,139.7764575
パークアクシス日本橋兜町,東京都中央区日本橋兜町20-7, JR山手線 東京駅 徒歩12分,https://image.homes.jp/smallimg/image.php?file=http%3A%2F%2Fimg.homes.jp%2F120697%2Frent%2F400678%2F2%2F2%2F6jh4.jpg, JR山手線, 東京駅,12,35.6785765,139.7764575
エグゼトゥール日本橋,東京都中央区日本橋2丁目,東京メトロ銀座線 日本橋駅 徒歩1分,https://image2.homes.jp/smallimg/image.php?file=http%3A%2F%2Fimg.homes.jp%2F146124%2Frent%2F8051%2F2%2F1%2F908e.jpg,東京メトロ銀座線, 日本橋駅,1,35.6815015,139.7735148
エグゼトゥール日本橋,東京都中央区日本橋2丁目, JR山手線 東京駅 徒歩10分,https://image2.homes.jp/smallimg/image.php?file=http%3A%2F%2Fimg.homes.jp%2F146124%2Frent%2F8051%2F2%2F1%2F908e.jpg, JR山手線, 東京駅,10,35.6815015,139.7735148
アヴィニティー銀座東,東京都中央区八丁堀2丁目,JR山手線 東京駅 徒歩10分,https://image3.homes.jp/smallimg/image.php?file=http%3A%2F%2Fimg.homes.jp%2F101709%2Frent%2F101253%2F2%2F1%2F8f6x.jpg,JR山手線, 東京駅,10,35.676627,139.7763905
アヴィニティー銀座東,東京都中央区八丁堀2丁目, 東京メトロ日比谷線 八丁堀駅 徒歩5分,https://image3.homes.jp/smallimg/image.php?file=http%3A%2F%2Fimg.homes.jp%2F101709%2Frent%2F101253%2F2%2F1%2F8f6x.jpg, 東京メトロ日比谷線, 八丁堀駅,5,35.676627,139.7763905
シンシア日本橋兜町,東京都中央区日本橋2丁目16-13,東京メトロ東西線 日本橋駅 徒歩2分,https://image.homes.jp/smallimg/image.php?file=http%3A%2F%2Fimg.homes.jp%2F145079%2Frent%2F10181%2F2%2F2%2Fib0d.jpg,東京メトロ東西線, 日本橋駅,2,35.6810297,139.7764104
シンシア日本橋兜町,東京都中央区日本橋2丁目16-13, JR山手線 東京駅 徒歩11分,https://image.homes.jp/smallimg/image.php?file=http%3A%2F%2Fimg.homes.jp%2F145079%2Frent%2F10181%2F2%2F2%2Fib0d.jpg, JR山手線, 東京駅,11,35.6810297,139.7764104
シンシア日本橋兜町,東京都中央区日本橋2丁目16-13, 東京地下鉄銀座線 三越前駅 徒歩7分,https://image.homes.jp/smallimg/image.php?file=http%3A%2F%2Fimg.homes.jp%2F145079%2Frent%2F10181%2F2%2F2%2Fib0d.jpg, 東京地下鉄銀座線, 三越前駅,7,35.6810297,139.7764104
ラング・タワー京橋,東京都中央区京橋2丁目6-5,JR山手線 東京駅 徒歩5分,https://image3.homes.jp/smallimg/image.php?file=http%3A%2F%2Fimg.homes.jp%2F149630%2Frent%2F28029%2F2%2F2%2Fr9fc.jpg,JR山手線, 東京駅,5,35.6767077,139.7711085
ラング・タワー京橋,東京都中央区京橋2丁目6-5, 東京メトロ銀座線 京橋駅 徒歩2分,https://image3.homes.jp/smallimg/image.php?file=http%3A%2F%2Fimg.homes.jp%2F149630%2Frent%2F28029%2F2%2F2%2Fr9fc.jpg, 東京メトロ銀座線, 京橋駅,2,35.6767077,139.7711085
トーシンフェニックス日本橋兜町壱番館,東京都中央区日本橋兜町19-2,東京メトロ銀座線 日本橋駅 徒歩5分,https://image2.homes.jp/smallimg/image.php?file=http%3A%2F%2Fimg.homes.jp%2F147028%2Frent%2F130428%2F2%2F2%2F232d.jpg,東京メトロ銀座線, 日本橋駅,5,35.67881300000001,139.7761539
トーシンフェニックス日本橋兜町壱番館,東京都中央区日本橋兜町19-2, JR山手線 東京駅 徒歩9分,https://image2.homes.jp/smallimg/image.php?file=http%3A%2F%2Fimg.homes.jp%2F147028%2Frent%2F130428%2F2%2F2%2F232d.jpg, JR山手線, 東京駅,9,35.67881300000001,139.7761539
アイフェリーク八丁堀,東京都中央区新川2丁目16-11,JR山手線 東京駅 徒歩17分,https://image.homes.jp/smallimg/image.php?file=http%3A%2F%2Fimg.homes.jp%2F126531%2Frent%2F473852%2F2%2F2%2Ffzko.jpg,JR山手線, 東京駅,17,35.6752273,139.7827159
アイフェリーク八丁堀,東京都中央区新川2丁目16-11, 東京メトロ日比谷線 八丁堀駅 徒歩4分,https://image.homes.jp/smallimg/image.php?file=http%3A%2F%2Fimg.homes.jp%2F126531%2Frent%2F473852%2F2%2F2%2Ffzko.jpg, 東京メトロ日比谷線, 八丁堀駅,4,35.6752273,139.7827159
コートラクリア京橋,東京都中央区八丁堀3丁目11-14,東京メトロ日比谷線 八丁堀駅 徒歩4分,https://image.homes.jp/smallimg/image.php?file=http%3A%2F%2Fimg.homes.jp%2F120696%2Frent%2F388334%2F2%2F2%2F4ja4.jpg,東京メトロ日比谷線, 八丁堀駅,4,35.675167,139.7749626
コートラクリア京橋,東京都中央区八丁堀3丁目11-14, JR山手線 東京駅 徒歩12分,https://image.homes.jp/smallimg/image.php?file=http%3A%2F%2Fimg.homes.jp%2F120696%2Frent%2F388334%2F2%2F2%2F4ja4.jpg, JR山手線, 東京駅,12,35.675167,139.7749626
日本橋八重洲デュープレックスポーション,東京都中央区日本橋3丁目5-9,JR山手線 東京駅 徒歩6分,https://image3.homes.jp/smallimg/image.php?file=http%3A%2F%2Fimg.homes.jp%2F135211%2Frent%2F284009%2F2%2F2%2Ffbg3.jpg,JR山手線, 東京駅,6,35.6790555,139.7730954
日本橋八重洲デュープレックスポーション,東京都中央区日本橋3丁目5-9, 東京メトロ銀座線 日本橋駅 徒歩5分,https://image3.homes.jp/smallimg/image.php?file=http%3A%2F%2Fimg.homes.jp%2F135211%2Frent%2F284009%2F2%2F2%2Ffbg3.jpg, 東京メトロ銀座線, 日本橋駅,5,35.6790555,139.7730954
京橋レジデンス,東京都中央区八丁堀2丁目,JR山手線 東京駅 徒歩9分,https://image2.homes.jp/smallimg/image.php?file=http%3A%2F%2Fimg.homes.jp%2F146124%2Frent%2F9277%2F2%2F1%2Fzzyd.jpg,JR山手線, 東京駅,9,35.676627,139.7763905
京橋レジデンス,東京都中央区八丁堀2丁目, 東京メトロ銀座線 日本橋駅 徒歩8分,https://image2.homes.jp/smallimg/image.php?file=http%3A%2F%2Fimg.homes.jp%2F146124%2Frent%2F9277%2F2%2F1%2Fzzyd.jpg, 東京メトロ銀座線, 日本橋駅,8,35.676627,139.7763905
モーニングサイド銀座,東京都中央区京橋3丁目9-10,東京メトロ銀座線 京橋駅 徒歩2分,https://image.homes.jp/smallimg/image.php?file=http%3A%2F%2Fimg.homes.jp%2F115120%2Frent%2F398885%2F2%2F2%2Ffjzy.jpg,東京メトロ銀座線, 京橋駅,2,35.6750597,139.7708864
モーニングサイド銀座,東京都中央区京橋3丁目9-10, JR山手線 東京駅 徒歩8分,https://image.homes.jp/smallimg/image.php?file=http%3A%2F%2Fimg.homes.jp%2F115120%2Frent%2F398885%2F2%2F2%2Ffjzy.jpg, JR山手線, 東京駅,8,35.6750597,139.7708864
ルクレ新川レジデンス,東京都中央区新川1丁目27-1,東京メトロ日比谷線 八丁堀駅 徒歩5分,https://image.homes.jp/smallimg/image.php?file=http%3A%2F%2Fimg.homes.jp%2F120695%2Frent%2F412140%2F2%2F2%2F1p2f.jpg,東京メトロ日比谷線, 八丁堀駅,5,35.6760786,139.7832883
ルクレ新川レジデンス,東京都中央区新川1丁目27-1, JR山手線 東京駅 徒歩20分,https://image.homes.jp/smallimg/image.php?file=http%3A%2F%2Fimg.homes.jp%2F120695%2Frent%2F412140%2F2%2F2%2F1p2f.jpg, JR山手線, 東京駅,20,35.6760786,139.7832883
プレール・ドゥーク京橋,東京都中央区京橋1丁目18-2,都営浅草線 宝町駅 徒歩5分,https://image.homes.jp/smallimg/image.php?file=http%3A%2F%2Fimg.homes.jp%2F126717%2Frent%2F24034%2F2%2F1%2F0duo.jpg,都営浅草線, 宝町駅,5,35.677928,139.7741403
プレール・ドゥーク京橋,東京都中央区京橋1丁目18-2, 東京メトロ日比谷線 八丁堀駅 徒歩7分,https://image.homes.jp/smallimg/image.php?file=http%3A%2F%2Fimg.homes.jp%2F126717%2Frent%2F24034%2F2%2F1%2F0duo.jpg, 東京メトロ日比谷線, 八丁堀駅,7,35.677928,139.7741403
ドルチェ東京八重洲通り,東京都中央区新川2丁目7-10,東京メトロ日比谷線 八丁堀駅 徒歩4分,https://image.homes.jp/smallimg/image.php?file=http%3A%2F%2Fimg.homes.jp%2F148378%2Frent%2F54914%2F2%2F2%2F4uh2.jpg,東京メトロ日比谷線, 八丁堀駅,4,35.675875,139.780517
ドルチェ東京八重洲通り,東京都中央区新川2丁目7-10, JR山手線 東京駅 徒歩14分,https://image.homes.jp/smallimg/image.php?file=http%3A%2F%2Fimg.homes.jp%2F148378%2Frent%2F54914%2F2%2F2%2F4uh2.jpg, JR山手線, 東京駅,14,35.675875,139.780517
キャピタルステージ日本橋,東京都中央区日本橋兜町,東京メトロ日比谷線 八丁堀駅 徒歩5分,https://image3.homes.jp/smallimg/image.php?file=http%3A%2F%2Fimage.homes.renters.jp%2F25d8f787-9ddd-4130-94ca-bbed1d431564_property_picture_6553_large.jpg,東京メトロ日比谷線, 八丁堀駅,5,35.6807421,139.777349
キャピタルステージ日本橋,東京都中央区日本橋兜町, 東京メトロ日比谷線 茅場町駅 徒歩5分,https://image3.homes.jp/smallimg/image.php?file=http%3A%2F%2Fimage.homes.renters.jp%2F25d8f787-9ddd-4130-94ca-bbed1d431564_property_picture_6553_large.jpg, 東京メトロ日比谷線, 茅場町駅,5,35.6807421,139.777349
Brillia日本橋茅場町(ブリリア日本橋茅場町）,東京都中央区日本橋茅場町3丁目9-6,東京メトロ日比谷線 八丁堀駅 徒歩5分,https://image2.homes.jp/smallimg/image.php?file=http%3A%2F%2Fimg.homes.jp%2F124352%2Frent%2F32148%2F2%2F1%2Fdpay.jpg,東京メトロ日比谷線, 八丁堀駅,5,35.6771992,139.7791462
Brillia日本橋茅場町(ブリリア日本橋茅場町）,東京都中央区日本橋茅場町3丁目9-6, JR山手線 東京駅 徒歩20分,https://image2.homes.jp/smallimg/image.php?file=http%3A%2F%2Fimg.homes.jp%2F124352%2Frent%2F32148%2F2%2F1%2Fdpay.jpg, JR山手線, 東京駅,20,35.6771992,139.7791462
ファミール東京グランリッツ,東京都中央区日本橋3丁目6-7,都営浅草線 日本橋駅 徒歩3分,https://image.homes.jp/smallimg/image.php?file=http%3A%2F%2Fimg.homes.jp%2F126717%2Frent%2F24332%2F2%2F1%2F0765.jpg,都営浅草線, 日本橋駅,3,35.6794959,139.7730754
ファミール東京グランリッツ,東京都中央区日本橋3丁目6-7, 東京メトロ銀座線 京橋駅 徒歩5分,https://image.homes.jp/smallimg/image.php?file=http%3A%2F%2Fimg.homes.jp%2F126717%2Frent%2F24332%2F2%2F1%2F0765.jpg, 東京メトロ銀座線, 京橋駅,5,35.6794959,139.7730754
服部ビル,東京都中央区京橋2丁目11-3,JR山手線 東京駅 徒歩10分,https://image2.homes.jp/smallimg/image.php?file=http%3A%2F%2Fimg.homes.jp%2F126532%2Frent%2F329584%2F2%2F2%2Fdwav.jpg,JR山手線, 東京駅,10,35.6763435,139.772057
服部ビル,東京都中央区京橋2丁目11-3, 東京メトロ銀座線 京橋駅 徒歩2分,https://image2.homes.jp/smallimg/image.php?file=http%3A%2F%2Fimg.homes.jp%2F126532%2Frent%2F329584%2F2%2F2%2Fdwav.jpg, 東京メトロ銀座線, 京橋駅,2,35.6763435,139.772057
ＤＥＵＸ　ＴＯＵＲＳ　ＣＡＮＡＬ＆ＳＰＡＥＡＳＴ棟,東京都中央区晴海3丁目,都営大江戸線 勝どき駅 徒歩9分,https://image3.homes.jp/smallimg/image.php?file=http%3A%2F%2Fimage.homes.renters.jp%2F006f56b58307f4e3887f9b33940b53ee_adm_import_1888_large.jpg,都営大江戸線, 勝どき駅,9,35.6548467,139.7786272
ＤＥＵＸ　ＴＯＵＲＳ　ＣＡＮＡＬ＆ＳＰＡＥＡＳＴ棟,東京都中央区晴海3丁目, JR山手線 東京駅 バス20分 晴海三丁目バス停下車 徒歩6分,https://image3.homes.jp/smallimg/image.php?file=http%3A%2F%2Fimage.homes.renters.jp%2F006f56b58307f4e3887f9b33940b53ee_adm_import_1888_large.jpg, JR山手線, 東京駅,6,35.6548467,139.7786272
ＤＥＵＸ　ＴＯＵＲＳ　ＣＡＮＡＬ＆ＳＰＡＥＡＳＴ棟,東京都中央区晴海3丁目, 東京地下鉄有楽町線 月島 徒歩17分,https://image3.homes.jp/smallimg/image.php?file=http%3A%2F%2Fimage.homes.renters.jp%2F006f56b58307f4e3887f9b33940b53ee_adm_import_1888_large.jpg, 東京地下鉄有楽町線, 月島 徒歩17分駅,17,35.6548467,139.7786272
Brillia THE TOWER TOKYO YAESU,東京都中央区新川2丁目,JR京葉線 八丁堀駅 徒歩2分,https://image.homes.jp/smallimg/image.php?file=http%3A%2F%2Fimg.homes.jp%2F141230%2Frent%2F27069%2F2%2F1%2Frg8k.jpg,JR京葉線, 八丁堀駅,2,35.6736061,139.7824618
Brillia THE TOWER TOKYO YAESU,東京都中央区新川2丁目, JR山手線 東京駅 徒歩17分,https://image.homes.jp/smallimg/image.php?file=http%3A%2F%2Fimg.homes.jp%2F141230%2Frent%2F27069%2F2%2F1%2Frg8k.jpg, JR山手線, 東京駅,17,35.6736061,139.7824618
Brillia THE TOWER TOKYO YAESU,東京都中央区新川2丁目, 東京メトロ日比谷線 茅場町駅 徒歩4分,https://image.homes.jp/smallimg/image.php?file=http%3A%2F%2Fimg.homes.jp%2F141230%2Frent%2F27069%2F2%2F1%2Frg8k.jpg, 東京メトロ日比谷線, 茅場町駅,4,35.6736061,139.7824618
ブリリアザタワー東京八重洲アベニュー,東京都中央区新川2丁目10-1,JR京葉線 八丁堀駅 徒歩2分,https://image.homes.jp/smallimg/image.php?file=http%3A%2F%2Fimage.homes.renters.jp%2Ffe51cf7d-29cd-4886-96de-6cc50d99e4cd_property_picture_4104_large.jpg,JR京葉線, 八丁堀駅,2,35.675238,139.7806244
ブリリアザタワー東京八重洲アベニュー,東京都中央区新川2丁目10-1, JR山手線 東京駅 徒歩17分,https://image.homes.jp/smallimg/image.php?file=http%3A%2F%2Fimage.homes.renters.jp%2Ffe51cf7d-29cd-4886-96de-6cc50d99e4cd_property_picture_4104_large.jpg, JR山手線, 東京駅,17,35.675238,139.7806244
テラス月島,東京都中央区佃2丁目22-3,都営大江戸線 月島駅 徒歩4分,https://image2.homes.jp/smallimg/image.php?file=http%3A%2F%2Fimage.homes.renters.jp%2Fc9a91297-d645-40ea-915d-77aae487a119_property_picture_4104_large.jpg,都営大江戸線, 月島駅,4,35.6663501,139.7868759
テラス月島,東京都中央区佃2丁目22-3, JR京葉線 越中島駅 徒歩8分,https://image2.homes.jp/smallimg/image.php?file=http%3A%2F%2Fimage.homes.renters.jp%2Fc9a91297-d645-40ea-915d-77aae487a119_property_picture_4104_large.jpg, JR京葉線, 越中島駅,8,35.6663501,139.7868759
IPSE東京月島,東京都中央区佃2丁目6-1,東京メトロ有楽町線 月島駅 徒歩3分,https://image2.homes.jp/smallimg/image.php?file=http%3A%2F%2Fimg.homes.jp%2F119362%2Frent%2F6903%2F2%2F1%2F2bdk.jpg,東京メトロ有楽町線, 月島駅,3,35.6669568,139.7843592
IPSE東京月島,東京都中央区佃2丁目6-1, 都営大江戸線 勝どき駅 徒歩15分,https://image2.homes.jp/smallimg/image.php?file=http%3A%2F%2Fimg.homes.jp%2F119362%2Frent%2F6903%2F2%2F1%2F2bdk.jpg, 都営大江戸線, 勝どき駅,15,35.6669568,139.7843592
ＣＯＮＦＯＲＴ月島 （コンフォート月島）,東京都中央区佃1丁目10-7,都営大江戸線 月島駅 徒歩4分,https://image4.homes.jp/smallimg/image.php?file=http%3A%2F%2Fimg.homes.jp%2F150736%2Frent%2F3150%2F2%2F1%2Fkpj1.jpg,都営大江戸線, 月島駅,4,35.6674179,139.7840097
ＣＯＮＦＯＲＴ月島 （コンフォート月島）,東京都中央区佃1丁目10-7, JR京葉線 越中島駅 徒歩13分,https://image4.homes.jp/smallimg/image.php?file=http%3A%2F%2Fimg.homes.jp%2F150736%2Frent%2F3150%2F2%2F1%2Fkpj1.jpg, JR京葉線, 越中島駅,13,35.6674179,139.7840097
アヴェルーナ月島,東京都中央区月島3丁目16-1,東京メトロ有楽町線 月島駅 徒歩4分,https://image3.homes.jp/smallimg/image.php?file=http%3A%2F%2Fimg.homes.jp%2F150736%2Frent%2F3418%2F2%2F1%2Fwgav.jpg,東京メトロ有楽町線, 月島駅,4,35.6625136,139.7802688
アヴェルーナ月島,東京都中央区月島3丁目16-1, 都営大江戸線 勝どき駅 徒歩7分,https://image3.homes.jp/smallimg/image.php?file=http%3A%2F%2Fimg.homes.jp%2F150736%2Frent%2F3418%2F2%2F1%2Fwgav.jpg, 都営大江戸線, 勝どき駅,7,35.6625136,139.7802688
クレイシア月島,東京都中央区月島1丁目13-3,東京メトロ有楽町線 月島駅 徒歩2分,https://image3.homes.jp/smallimg/image.php?file=http%3A%2F%2Fimg.homes.jp%2F125597%2Frent%2F31084%2F2%2F1%2Fex4t.jpg,東京メトロ有楽町線, 月島駅,2,35.6654755,139.7827215
クレイシア月島,東京都中央区月島1丁目13-3, 都営大江戸線 勝どき駅 徒歩13分,https://image3.homes.jp/smallimg/image.php?file=http%3A%2F%2Fimg.homes.jp%2F125597%2Frent%2F31084%2F2%2F1%2Fex4t.jpg, 都営大江戸線, 勝どき駅,13,35.6654755,139.7827215
エスレジデンス神田アバンス,東京都千代田区岩本町1丁目,都営新宿線 馬喰横山駅 徒歩4分,https://image4.homes.jp/smallimg/image.php?file=http%3A%2F%2Fimg.homes.jp%2F111440%2Frent%2F134048%2F2%2F1%2Fxekn.jpg,都営新宿線, 馬喰横山駅,4,35.6931483,139.7789467
エスレジデンス神田アバンス,東京都千代田区岩本町1丁目, JR総武本線 馬喰町駅 徒歩4分,https://image4.homes.jp/smallimg/image.php?file=http%3A%2F%2Fimg.homes.jp%2F111440%2Frent%2F134048%2F2%2F1%2Fxekn.jpg, JR総武本線, 馬喰町駅,4,35.6931483,139.7789467
テラス八丁堀,東京都中央区新川2丁目15-12,東京メトロ日比谷線 八丁堀駅 徒歩5分,https://image3.homes.jp/smallimg/image.php?file=http%3A%2F%2Fimg.homes.jp%2F115120%2Frent%2F413658%2F2%2F2%2Fb9xy.jpg,東京メトロ日比谷線, 八丁堀駅,5,35.674722,139.7836802
テラス八丁堀,東京都中央区新川2丁目15-12, 東京メトロ日比谷線 茅場町駅 徒歩10分,https://image3.homes.jp/smallimg/image.php?file=http%3A%2F%2Fimg.homes.jp%2F115120%2Frent%2F413658%2F2%2F2%2Fb9xy.jpg, 東京メトロ日比谷線, 茅場町駅,10,35.674722,139.7836802
プロシード門前仲町,東京都江東区福住1丁目7-8,東京メトロ東西線 門前仲町駅 徒歩7分,https://image1.homes.jp/smallimg/image.php?file=http%3A%2F%2Fimg.homes.jp%2F3705126%2Frent%2F12993%2F2%2F2%2Ffj6w.jpg,東京メトロ東西線, 門前仲町駅,7,35.6766621,139.7930482
プロシード門前仲町,東京都江東区福住1丁目7-8, 都営大江戸線 門前仲町駅 徒歩7分,https://image1.homes.jp/smallimg/image.php?file=http%3A%2F%2Fimg.homes.jp%2F3705126%2Frent%2F12993%2F2%2F2%2Ffj6w.jpg, 都営大江戸線, 門前仲町駅,7,35.6766621,139.7930482
ステラ岩本町,東京都千代田区岩本町3丁目3-14,都営新宿線 岩本町駅 徒歩3分,https://image4.homes.jp/smallimg/image.php?file=http%3A%2F%2Fimage.homes.renters.jp%2F61010257-0ef6-49dc-a41f-b1ed786cd003_property_picture_4104_large.jpg,都営新宿線, 岩本町駅,3,35.6947966,139.7765805
ステラ岩本町,東京都千代田区岩本町3丁目3-14, JR山手線 秋葉原駅 徒歩10分,https://image4.homes.jp/smallimg/image.php?file=http%3A%2F%2Fimage.homes.renters.jp%2F61010257-0ef6-49dc-a41f-b1ed786cd003_property_picture_4104_large.jpg, JR山手線, 秋葉原駅,10,35.6947966,139.7765805
Log銀座EAST,東京都中央区湊3丁目12-1,東京メトロ有楽町線 新富町駅 徒歩5分,https://image4.homes.jp/smallimg/image.php?file=http%3A%2F%2Fimg.homes.jp%2F148993%2Frent%2F9785%2F2%2F2%2Fmfsd.jpg,東京メトロ有楽町線, 新富町駅,5,35.6694021,139.779446
Log銀座EAST,東京都中央区湊3丁目12-1, JR京葉線 八丁堀駅 徒歩8分,https://image4.homes.jp/smallimg/image.php?file=http%3A%2F%2Fimg.homes.jp%2F148993%2Frent%2F9785%2F2%2F2%2Fmfsd.jpg, JR京葉線, 八丁堀駅,8,35.6694021,139.779446
Ｌａ Ｐｅｒｌａ岩本町,東京都千代田区岩本町2丁目10-12,都営新宿線 岩本町駅 徒歩5分,https://image3.homes.jp/smallimg/image.php?file=http%3A%2F%2Fimg.homes.jp%2F107095%2Frent%2F55339%2F2%2F2%2Fbvrw.jpg,都営新宿線, 岩本町駅,5,35.6933689,139.777349
Ｌａ Ｐｅｒｌａ岩本町,東京都千代田区岩本町2丁目10-12, JR山手線 神田駅 徒歩8分,https://image3.homes.jp/smallimg/image.php?file=http%3A%2F%2Fimg.homes.jp%2F107095%2Frent%2F55339%2F2%2F2%2Fbvrw.jpg, JR山手線, 神田駅,8,35.6933689,139.777349
ARKMARK水天宮前I,東京都江東区佐賀1丁目10-15,東京メトロ半蔵門線 水天宮前駅 徒歩9分,https://image3.homes.jp/smallimg/image.php?file=http%3A%2F%2Fimg.homes.jp%2F149488%2Frent%2F2762%2F2%2F1%2Fyohv.jpg,東京メトロ半蔵門線, 水天宮前駅,9,35.6772467,139.7901031
ARKMARK水天宮前I,東京都江東区佐賀1丁目10-15, 東京メトロ東西線 門前仲町駅 徒歩9分,https://image3.homes.jp/smallimg/image.php?file=http%3A%2F%2Fimg.homes.jp%2F149488%2Frent%2F2762%2F2%2F1%2Fyohv.jpg, 東京メトロ東西線, 門前仲町駅,9,35.6772467,139.7901031
ステージファースト東日本橋,東京都中央区東日本橋1丁目3-15,都営浅草線 東日本橋駅 徒歩3分,https://image2.homes.jp/smallimg/image.php?file=http%3A%2F%2Fimg.homes.jp%2F150614%2Frent%2F1938%2F2%2F1%2F0ee8.jpg,都営浅草線, 東日本橋駅,3,35.6903899,139.7858273
ステージファースト東日本橋,東京都中央区東日本橋1丁目3-15, 都営新宿線 馬喰横山駅 徒歩5分,https://image2.homes.jp/smallimg/image.php?file=http%3A%2F%2Fimg.homes.jp%2F150614%2Frent%2F1938%2F2%2F1%2F0ee8.jpg, 都営新宿線, 馬喰横山駅,5,35.6903899,139.7858273
グランジット日本橋浜町,東京都中央区日本橋浜町3丁目41-8,都営新宿線 浜町駅 徒歩5分,https://image1.homes.jp/smallimg/image.php?file=http%3A%2F%2Fimg.homes.jp%2F126717%2Frent%2F22689%2F2%2F1%2Fv4lf.jpg,都営新宿線, 浜町駅,5,35.6865238,139.7906221
グランジット日本橋浜町,東京都中央区日本橋浜町3丁目41-8, 都営大江戸線 森下駅 徒歩8分,https://image1.homes.jp/smallimg/image.php?file=http%3A%2F%2Fimg.homes.jp%2F126717%2Frent%2F22689%2F2%2F1%2Fv4lf.jpg, 都営大江戸線, 森下駅,8,35.6865238,139.7906221
エムズサニーパレス月島,東京都中央区月島2丁目16-6,東京メトロ有楽町線 月島駅 徒歩3分,https://image4.homes.jp/smallimg/image.php?file=http%3A%2F%2Fimg.homes.jp%2F134690%2Frent%2F22268%2F2%2F1%2Fznyn.jpg,東京メトロ有楽町線, 月島駅,3,35.661469,139.7838499
エムズサニーパレス月島,東京都中央区月島2丁目16-6, 都営大江戸線 勝どき駅 徒歩9分,https://image4.homes.jp/smallimg/image.php?file=http%3A%2F%2Fimg.homes.jp%2F134690%2Frent%2F22268%2F2%2F1%2Fznyn.jpg, 都営大江戸線, 勝どき駅,9,35.661469,139.7838499
アルテシモ　リュクス,東京都江東区佐賀1丁目11-3,東京メトロ半蔵門線 水天宮前駅 徒歩8分,https://image2.homes.jp/smallimg/image.php?file=http%3A%2F%2Fimg.homes.jp%2F149488%2Frent%2F2859%2F2%2F1%2Fu6t5.jpg,東京メトロ半蔵門線, 水天宮前駅,8,35.6774092,139.7896724
アルテシモ　リュクス,東京都江東区佐賀1丁目11-3, 東京メトロ東西線 門前仲町駅 徒歩10分,https://image2.homes.jp/smallimg/image.php?file=http%3A%2F%2Fimg.homes.jp%2F149488%2Frent%2F2859%2F2%2F1%2Fu6t5.jpg, 東京メトロ東西線, 門前仲町駅,10,35.6774092,139.7896724
GRAN PASEO神田駅前,東京都千代田区神田須田町2丁目,JR京浜東北・根岸線 神田駅 徒歩5分,https://image3.homes.jp/smallimg/image.php?file=http%3A%2F%2Fimg.homes.jp%2F118217%2Frent%2F68443%2F2%2F1%2Fwoji.jpg,JR京浜東北・根岸線, 神田駅,5,35.6959109,139.7722367
GRAN PASEO神田駅前,東京都千代田区神田須田町2丁目, 都営新宿線 岩本町駅 徒歩3分,https://image3.homes.jp/smallimg/image.php?file=http%3A%2F%2Fimg.homes.jp%2F118217%2Frent%2F68443%2F2%2F1%2Fwoji.jpg, 都営新宿線, 岩本町駅,3,35.6959109,139.7722367
GRAN PASEO神田駅前,東京都千代田区神田須田町2丁目, 山手線 神田駅 徒歩5分,https://image3.homes.jp/smallimg/image.php?file=http%3A%2F%2Fimg.homes.jp%2F118217%2Frent%2F68443%2F2%2F1%2Fwoji.jpg, 山手線, 神田駅,5,35.6959109,139.7722367
ザ・パークハビオ月島フロント,東京都中央区佃3丁目6-5,東京メトロ有楽町線 月島駅 徒歩1分,https://image1.homes.jp/smallimg/image.php?file=http%3A%2F%2Fimg.homes.jp%2F134690%2Frent%2F21989%2F2%2F1%2F8pvw.jpg,東京メトロ有楽町線, 月島駅,1,35.6640702,139.7858813
ザ・パークハビオ月島フロント,東京都中央区佃3丁目6-5, JR京葉線 越中島駅 徒歩12分,https://image1.homes.jp/smallimg/image.php?file=http%3A%2F%2Fimg.homes.jp%2F134690%2Frent%2F21989%2F2%2F1%2F8pvw.jpg, JR京葉線, 越中島駅,12,35.6640702,139.7858813
ガーラ・ヴィスタ水天宮前,東京都江東区佐賀1丁目11-1,東京メトロ半蔵門線 水天宮前駅 徒歩8分,https://image4.homes.jp/smallimg/image.php?file=http%3A%2F%2Fimg.homes.jp%2F149488%2Frent%2F2709%2F2%2F1%2Ffz5k.jpg,東京メトロ半蔵門線, 水天宮前駅,8,35.6771658,139.7895126
ガーラ・ヴィスタ水天宮前,東京都江東区佐賀1丁目11-1, 都営大江戸線 門前仲町駅 徒歩10分,https://image4.homes.jp/smallimg/image.php?file=http%3A%2F%2Fimg.homes.jp%2F149488%2Frent%2F2709%2F2%2F1%2Ffz5k.jpg, 都営大江戸線, 門前仲町駅,10,35.6771658,139.7895126
ガーラ・ヴィスタ水天宮前,東京都江東区佐賀1丁目11-1,東京メトロ半蔵門線 水天宮前駅 徒歩8分,https://image4.homes.jp/smallimg/image.php?file=http%3A%2F%2Fimg.homes.jp%2F149488%2Frent%2F2793%2F2%2F1%2Fo130.jpg,東京メトロ半蔵門線, 水天宮前駅,8,35.6771658,139.7895126
ガーラ・ヴィスタ水天宮前,東京都江東区佐賀1丁目11-1, 都営大江戸線 門前仲町駅 徒歩10分,https://image4.homes.jp/smallimg/image.php?file=http%3A%2F%2Fimg.homes.jp%2F149488%2Frent%2F2793%2F2%2F1%2Fo130.jpg, 都営大江戸線, 門前仲町駅,10,35.6771658,139.7895126
スペランツァ日本橋,東京都千代田区鍛冶町1丁目,JR京浜東北・根岸線 神田駅 徒歩5分,https://image2.homes.jp/smallimg/image.php?file=http%3A%2F%2Fimg.homes.jp%2F111440%2Frent%2F132484%2F2%2F1%2Fj6lu.jpg,JR京浜東北・根岸線, 神田駅,5,35.690331,139.7719172
スペランツァ日本橋,東京都千代田区鍛冶町1丁目, JR総武本線 新日本橋駅 徒歩3分,https://image2.homes.jp/smallimg/image.php?file=http%3A%2F%2Fimg.homes.jp%2F111440%2Frent%2F132484%2F2%2F1%2Fj6lu.jpg, JR総武本線, 新日本橋駅,3,35.690331,139.7719172
スペランツァ日本橋,東京都千代田区鍛冶町1丁目, 山手線　神田駅 徒歩5分,https://image2.homes.jp/smallimg/image.php?file=http%3A%2F%2Fimg.homes.jp%2F111440%2Frent%2F132484%2F2%2F1%2Fj6lu.jpg, 山手線,　神田駅,5,35.690331,139.7719172
Ｌａ　Ｐｅｒｌａ岩本町,東京都千代田区岩本町2丁目10-12,都営新宿線 岩本町駅 徒歩5分,https://image3.homes.jp/smallimg/image.php?file=http%3A%2F%2Fimg.homes.jp%2F105441%2Frent%2F165474%2F2%2F2%2F2dze.jpg,都営新宿線, 岩本町駅,5,35.6933689,139.777349
Ｌａ　Ｐｅｒｌａ岩本町,東京都千代田区岩本町2丁目10-12, 東京メトロ日比谷線 小伝馬町駅 徒歩5分,https://image3.homes.jp/smallimg/image.php?file=http%3A%2F%2Fimg.homes.jp%2F105441%2Frent%2F165474%2F2%2F2%2F2dze.jpg, 東京メトロ日比谷線, 小伝馬町駅,5,35.6933689,139.777349
月島リバーサイドハイツ,東京都中央区月島3丁目,都営大江戸線 勝どき駅 徒歩6分,https://image3.homes.jp/smallimg/image.php?file=http%3A%2F%2Fimg.homes.jp%2F115341%2Frent%2F82269%2F2%2F1%2Fguze.jpg,都営大江戸線, 勝どき駅,6,35.6628846,139.7786272
月島リバーサイドハイツ,東京都中央区月島3丁目, 東京メトロ有楽町線 月島駅 徒歩9分,https://image3.homes.jp/smallimg/image.php?file=http%3A%2F%2Fimg.homes.jp%2F115341%2Frent%2F82269%2F2%2F1%2Fguze.jpg, 東京メトロ有楽町線, 月島駅,9,35.6628846,139.7786272
プレノ清澄庭園,東京都江東区清澄1丁目3-9,都営大江戸線 清澄白河駅 徒歩8分,https://image.homes.jp/smallimg/image.php?file=http%3A%2F%2Fimg.homes.jp%2F149083%2Frent%2F2827%2F2%2F1%2Fbxn3.jpg,都営大江戸線, 清澄白河駅,8,35.681464,139.793355
プレノ清澄庭園,東京都江東区清澄1丁目3-9, 東京メトロ半蔵門線 水天宮前駅 徒歩10分,https://image.homes.jp/smallimg/image.php?file=http%3A%2F%2Fimg.homes.jp%2F149083%2Frent%2F2827%2F2%2F1%2Fbxn3.jpg, 東京メトロ半蔵門線, 水天宮前駅,10,35.681464,139.793355
スカイコートグランデ清澄白河,東京都江東区佐賀2丁目10-12,都営大江戸線 清澄白河駅 徒歩10分,https://image3.homes.jp/smallimg/image.php?file=http%3A%2F%2Fimg.homes.jp%2F117815%2Frent%2F28144%2F2%2F1%2Fqycy.jpg,都営大江戸線, 清澄白河駅,10,35.6800262,139.7924889
スカイコートグランデ清澄白河,東京都江東区佐賀2丁目10-12, 東京メトロ半蔵門線 水天宮前駅 徒歩10分,https://image3.homes.jp/smallimg/image.php?file=http%3A%2F%2Fimg.homes.jp%2F117815%2Frent%2F28144%2F2%2F1%2Fqycy.jpg, 東京メトロ半蔵門線, 水天宮前駅,10,35.6800262,139.7924889
アクサス銀座アジールコート,東京都中央区新富1丁目15-13,東京メトロ有楽町線 新富町駅 徒歩4分,https://image.homes.jp/smallimg/image.php?file=http%3A%2F%2Fimg.homes.jp%2F101709%2Frent%2F102057%2F2%2F1%2Ffbll.jpg,東京メトロ有楽町線, 新富町駅,4,35.6725143,139.7751024
アクサス銀座アジールコート,東京都中央区新富1丁目15-13, 東京メトロ日比谷線 八丁堀駅 徒歩4分,https://image.homes.jp/smallimg/image.php?file=http%3A%2F%2Fimg.homes.jp%2F101709%2Frent%2F102057%2F2%2F1%2Ffbll.jpg, 東京メトロ日比谷線, 八丁堀駅,4,35.6725143,139.7751024
アクサス銀座アジールコート,東京都中央区新富1丁目15-13, 京葉線 八丁堀駅 徒歩5分,https://image.homes.jp/smallimg/image.php?file=http%3A%2F%2Fimg.homes.jp%2F101709%2Frent%2F102057%2F2%2F1%2Ffbll.jpg, 京葉線, 八丁堀駅,5,35.6725143,139.7751024
グランジット月島,東京都中央区佃2丁目14-9,都営大江戸線 月島駅 徒歩2分,https://image4.homes.jp/smallimg/image.php?file=http%3A%2F%2Fimg.homes.jp%2F125597%2Frent%2F30261%2F2%2F1%2Fce7f.jpg,都営大江戸線, 月島駅,2,35.6661117,139.7852281
グランジット月島,東京都中央区佃2丁目14-9, JR京葉線 越中島駅 徒歩11分,https://image4.homes.jp/smallimg/image.php?file=http%3A%2F%2Fimg.homes.jp%2F125597%2Frent%2F30261%2F2%2F1%2Fce7f.jpg, JR京葉線, 越中島駅,11,35.6661117,139.7852281
サンクトロワ東日本橋,東京都中央区東日本橋3丁目11-10,都営浅草線 東日本橋駅 徒歩1分,https://image.homes.jp/smallimg/image.php?file=http%3A%2F%2Fimg.homes.jp%2F5609%2Frent%2F388565%2F2%2F1%2Fa6w2.jpg,都営浅草線, 東日本橋駅,1,35.6920878,139.7844691
サンクトロワ東日本橋,東京都中央区東日本橋3丁目11-10, 都営新宿線 馬喰横山駅 徒歩1分,https://image.homes.jp/smallimg/image.php?file=http%3A%2F%2Fimg.homes.jp%2F5609%2Frent%2F388565%2F2%2F1%2Fa6w2.jpg, 都営新宿線, 馬喰横山駅,1,35.6920878,139.7844691
クレイシア日本橋水天宮前,東京都中央区日本橋箱崎町15-8,東京メトロ半蔵門線 水天宮前駅 徒歩3分,https://image1.homes.jp/smallimg/image.php?file=http%3A%2F%2Fimg.homes.jp%2F124352%2Frent%2F32074%2F2%2F1%2F5yw9.jpg,東京メトロ半蔵門線, 水天宮前駅,3,35.6797508,139.7850277
クレイシア日本橋水天宮前,東京都中央区日本橋箱崎町15-8, 東京メトロ東西線 茅場町駅 徒歩6分,https://image1.homes.jp/smallimg/image.php?file=http%3A%2F%2Fimg.homes.jp%2F124352%2Frent%2F32074%2F2%2F1%2F5yw9.jpg, 東京メトロ東西線, 茅場町駅,6,35.6797508,139.7850277
コンポジット門前仲町サウス,東京都江東区古石場1丁目4-1,東京メトロ東西線 門前仲町駅 徒歩6分,https://image3.homes.jp/smallimg/image.php?file=http%3A%2F%2Fimg.homes.jp%2F149488%2Frent%2F2792%2F2%2F1%2Ffvmh.jpg,東京メトロ東西線, 門前仲町駅,6,35.6697004,139.792786
コンポジット門前仲町サウス,東京都江東区古石場1丁目4-1, JR京葉線 越中島駅 徒歩3分,https://image3.homes.jp/smallimg/image.php?file=http%3A%2F%2Fimg.homes.jp%2F149488%2Frent%2F2792%2F2%2F1%2Ffvmh.jpg, JR京葉線, 越中島駅,3,35.6697004,139.792786
ヴィークブライト日本橋人形町,東京都中央区日本橋富沢町6-6,東京メトロ日比谷線 人形町駅 徒歩4分,https://image1.homes.jp/smallimg/image.php?file=http%3A%2F%2Fimg.homes.jp%2F138612%2Frent%2F197542%2F2%2F2%2Fvdyt.jpg,東京メトロ日比谷線, 人形町駅,4,35.6883331,139.7832402
ヴィークブライト日本橋人形町,東京都中央区日本橋富沢町6-6, 都営新宿線 馬喰横山駅 徒歩6分,https://image1.homes.jp/smallimg/image.php?file=http%3A%2F%2Fimg.homes.jp%2F138612%2Frent%2F197542%2F2%2F2%2Fvdyt.jpg, 都営新宿線, 馬喰横山駅,6,35.6883331,139.7832402
ザ・レジデンス・オブ・トーキョーＴ12,東京都江東区福住2丁目,都営大江戸線 門前仲町駅 徒歩8分,https://image.homes.jp/smallimg/image.php?file=http%3A%2F%2Fimg.homes.jp%2F101709%2Frent%2F101602%2F2%2F1%2F3t8n.jpg,都営大江戸線, 門前仲町駅,8,35.6780551,139.7942868
ザ・レジデンス・オブ・トーキョーＴ12,東京都江東区福住2丁目, 東京メトロ半蔵門線 清澄白河駅 徒歩12分,https://image.homes.jp/smallimg/image.php?file=http%3A%2F%2Fimg.homes.jp%2F101709%2Frent%2F101602%2F2%2F1%2F3t8n.jpg, 東京メトロ半蔵門線, 清澄白河駅,12,35.6780551,139.7942868
メイクスデザイン門前仲町GARDEN,東京都江東区福住1丁目3-9,東京メトロ東西線 門前仲町駅 徒歩5分,https://image.homes.jp/smallimg/image.php?file=http%3A%2F%2Fimg.homes.jp%2F146476%2Frent%2F3387%2F2%2F1%2Fbqcb.jpg,東京メトロ東西線, 門前仲町駅,5,35.6756005,139.7934578
メイクスデザイン門前仲町GARDEN,東京都江東区福住1丁目3-9, 東京メトロ半蔵門線 清澄白河駅 徒歩13分,https://image.homes.jp/smallimg/image.php?file=http%3A%2F%2Fimg.homes.jp%2F146476%2Frent%2F3387%2F2%2F1%2Fbqcb.jpg, 東京メトロ半蔵門線, 清澄白河駅,13,35.6756005,139.7934578
RELUXIA門前仲町,東京都江東区門前仲町1丁目16-2,東京メトロ東西線 門前仲町駅 徒歩4分,https://image.homes.jp/smallimg/image.php?file=http%3A%2F%2Fimg.homes.jp%2F146476%2Frent%2F3243%2F2%2F1%2Fh0ee.jpg,東京メトロ東西線, 門前仲町駅,4,35.6743357,139.7937574
RELUXIA門前仲町,東京都江東区門前仲町1丁目16-2, JR京葉線 越中島駅 徒歩11分,https://image.homes.jp/smallimg/image.php?file=http%3A%2F%2Fimg.homes.jp%2F146476%2Frent%2F3243%2F2%2F1%2Fh0ee.jpg, JR京葉線, 越中島駅,11,35.6743357,139.7937574
ボヌール日本橋浜町,東京都中央区日本橋浜町2丁目18-6,都営新宿線 浜町駅 徒歩2分,https://image4.homes.jp/smallimg/image.php?file=http%3A%2F%2Fimage.homes.renters.jp%2F1aa3f3cf-54c3-46ce-aa97-bf35574f4c64_property_picture_4104_large.jpg,都営新宿線, 浜町駅,2,35.6868261,139.7869065
ボヌール日本橋浜町,東京都中央区日本橋浜町2丁目18-6, 東京メトロ日比谷線 人形町駅 徒歩5分,https://image4.homes.jp/smallimg/image.php?file=http%3A%2F%2Fimage.homes.renters.jp%2F1aa3f3cf-54c3-46ce-aa97-bf35574f4c64_property_picture_4104_large.jpg, 東京メトロ日比谷線, 人形町駅,5,35.6868261,139.7869065
ロイヤル東栄日本橋,東京都中央区日本橋小舟町6-17,東京メトロ銀座線 三越前駅 徒歩5分,https://image1.homes.jp/smallimg/image.php?file=http%3A%2F%2Fimg.homes.jp%2F126526%2Frent%2F54938%2F2%2F1%2F0vxh.jpg,東京メトロ銀座線, 三越前駅,5,35.6867035,139.7781296
ロイヤル東栄日本橋,東京都中央区日本橋小舟町6-17, 東京メトロ日比谷線 人形町駅 徒歩5分,https://image1.homes.jp/smallimg/image.php?file=http%3A%2F%2Fimg.homes.jp%2F126526%2Frent%2F54938%2F2%2F1%2F0vxh.jpg, 東京メトロ日比谷線, 人形町駅,5,35.6867035,139.7781296
クレヴィスタ門前仲町グラン,東京都江東区佐賀1丁目7-6,都営大江戸線 門前仲町駅 徒歩9分,https://image1.homes.jp/smallimg/image.php?file=http%3A%2F%2Fimg.homes.jp%2F149488%2Frent%2F2801%2F2%2F1%2Fmiqd.jpg,都営大江戸線, 門前仲町駅,9,35.6766955,139.7895925
クレヴィスタ門前仲町グラン,東京都江東区佐賀1丁目7-6, 東京メトロ半蔵門線 水天宮前駅 徒歩9分,https://image1.homes.jp/smallimg/image.php?file=http%3A%2F%2Fimg.homes.jp%2F149488%2Frent%2F2801%2F2%2F1%2Fmiqd.jpg, 東京メトロ半蔵門線, 水天宮前駅,9,35.6766955,139.7895925
アジュールテラス日本橋浜町,東京都中央区日本橋浜町1丁目10-1,都営新宿線 浜町駅 徒歩4分,https://image2.homes.jp/smallimg/image.php?file=http%3A%2F%2Fimg.homes.jp%2F126717%2Frent%2F24275%2F2%2F1%2F7ssd.jpg,都営新宿線, 浜町駅,4,35.6906462,139.7872954
アジュールテラス日本橋浜町,東京都中央区日本橋浜町1丁目10-1, 都営浅草線 東日本橋駅 徒歩5分,https://image2.homes.jp/smallimg/image.php?file=http%3A%2F%2Fimg.homes.jp%2F126717%2Frent%2F24275%2F2%2F1%2F7ssd.jpg, 都営浅草線, 東日本橋駅,5,35.6906462,139.7872954
UGHD水天宮前,東京都江東区佐賀2丁目4-1,東京メトロ半蔵門線 水天宮前駅 徒歩8分,https://image4.homes.jp/smallimg/image.php?file=http%3A%2F%2Fimg.homes.jp%2F150080%2Frent%2F4966%2F2%2F2%2Fdklr.jpg,東京メトロ半蔵門線, 水天宮前駅,8,35.6791018,139.7908797
UGHD水天宮前,東京都江東区佐賀2丁目4-1, 東京メトロ半蔵門線 清澄白河駅 徒歩14分,https://image4.homes.jp/smallimg/image.php?file=http%3A%2F%2Fimg.homes.jp%2F150080%2Frent%2F4966%2F2%2F2%2Fdklr.jpg, 東京メトロ半蔵門線, 清澄白河駅,14,35.6791018,139.7908797
UGHD水天宮前,東京都江東区佐賀2丁目4-1,東京メトロ半蔵門線 水天宮前駅 徒歩8分,https://image4.homes.jp/smallimg/image.php?file=http%3A%2F%2Fimg.homes.jp%2F150080%2Frent%2F4967%2F2%2F2%2Fixoe.jpg,東京メトロ半蔵門線, 水天宮前駅,8,35.6791018,139.7908797
UGHD水天宮前,東京都江東区佐賀2丁目4-1, 東京メトロ半蔵門線 清澄白河駅 徒歩14分,https://image4.homes.jp/smallimg/image.php?file=http%3A%2F%2Fimg.homes.jp%2F150080%2Frent%2F4967%2F2%2F2%2Fixoe.jpg, 東京メトロ半蔵門線, 清澄白河駅,14,35.6791018,139.7908797
ステージグランデ日本橋人形町,東京都中央区日本橋人形町2丁目,東京メトロ日比谷線 人形町駅 徒歩3分,https://image2.homes.jp/smallimg/image.php?file=http%3A%2F%2Fimg.homes.jp%2F146124%2Frent%2F9402%2F2%2F1%2F9zdj.jpg,東京メトロ日比谷線, 人形町駅,3,35.6861108,139.7850184
ステージグランデ日本橋人形町,東京都中央区日本橋人形町2丁目, 東京メトロ半蔵門線 水天宮前駅 徒歩3分,https://image2.homes.jp/smallimg/image.php?file=http%3A%2F%2Fimg.homes.jp%2F146124%2Frent%2F9402%2F2%2F1%2F9zdj.jpg, 東京メトロ半蔵門線, 水天宮前駅,3,35.6861108,139.7850184
ステージグランデ日本橋人形町,東京都中央区日本橋人形町2丁目, 都営浅草線 人形町駅 徒歩3分,https://image2.homes.jp/smallimg/image.php?file=http%3A%2F%2Fimg.homes.jp%2F146124%2Frent%2F9402%2F2%2F1%2F9zdj.jpg, 都営浅草線, 人形町駅,3,35.6861108,139.7850184
エスレジデンス月島,東京都中央区月島3丁目10-10,東京メトロ有楽町線 月島駅 徒歩3分,https://image3.homes.jp/smallimg/image.php?file=http%3A%2F%2Fimage.homes.renters.jp%2Fc8d6bee2-6952-45df-8807-3d93d8dc9b1b_property_picture_4104_large.jpg,東京メトロ有楽町線, 月島駅,3,35.6630225,139.7818826
エスレジデンス月島,東京都中央区月島3丁目10-10, 都営大江戸線 月島駅 徒歩3分,https://image3.homes.jp/smallimg/image.php?file=http%3A%2F%2Fimage.homes.renters.jp%2Fc8d6bee2-6952-45df-8807-3d93d8dc9b1b_property_picture_4104_large.jpg, 都営大江戸線, 月島駅,3,35.6630225,139.7818826
メイクスデザイン門前仲町リバープレイス,東京都江東区古石場1丁目1-4,都営大江戸線 門前仲町駅 徒歩5分,https://image.homes.jp/smallimg/image.php?file=http%3A%2F%2Fimg.homes.jp%2F149488%2Frent%2F2449%2F2%2F1%2F53wj.jpg,都営大江戸線, 門前仲町駅,5,35.6699804,139.7925588
メイクスデザイン門前仲町リバープレイス,東京都江東区古石場1丁目1-4, JR京葉線 越中島駅 徒歩3分,https://image.homes.jp/smallimg/image.php?file=http%3A%2F%2Fimg.homes.jp%2F149488%2Frent%2F2449%2F2%2F1%2F53wj.jpg, JR京葉線, 越中島駅,3,35.6699804,139.7925588
Kairos銀座EAST（カイロス銀座イースト）,東京都中央区湊3丁目14-11,東京メトロ有楽町線 新富町駅 徒歩7分,https://image2.homes.jp/smallimg/image.php?file=http%3A%2F%2Fimg.homes.jp%2F126717%2Frent%2F24754%2F2%2F1%2F2hvx.jpg,東京メトロ有楽町線, 新富町駅,7,35.6702438,139.7796417
Kairos銀座EAST（カイロス銀座イースト）,東京都中央区湊3丁目14-11, JR京葉線 八丁堀駅 徒歩7分,https://image2.homes.jp/smallimg/image.php?file=http%3A%2F%2Fimg.homes.jp%2F126717%2Frent%2F24754%2F2%2F1%2F2hvx.jpg, JR京葉線, 八丁堀駅,7,35.6702438,139.7796417
リバーレ日本橋三越前,東京都中央区日本橋小網町18-4,東京メトロ日比谷線 人形町駅 徒歩5分,https://image1.homes.jp/smallimg/image.php?file=http%3A%2F%2Fimage.homes.renters.jp%2F2a568fa5-6d71-4595-a4a9-2a77b6cb5ff5_property_picture_4104_large.jpg,東京メトロ日比谷線, 人形町駅,5,35.6845618,139.7794061
リバーレ日本橋三越前,東京都中央区日本橋小網町18-4, 東京メトロ半蔵門線 三越前駅 徒歩6分,https://image1.homes.jp/smallimg/image.php?file=http%3A%2F%2Fimage.homes.renters.jp%2F2a568fa5-6d71-4595-a4a9-2a77b6cb5ff5_property_picture_4104_large.jpg, 東京メトロ半蔵門線, 三越前駅,6,35.6845618,139.7794061
セントレガーレ浜町,東京都中央区日本橋浜町3丁目16-5,東京メトロ半蔵門線 水天宮前駅 徒歩5分,https://image.homes.jp/smallimg/image.php?file=http%3A%2F%2Fimg.homes.jp%2F150614%2Frent%2F2544%2F2%2F1%2F19t9.jpg,東京メトロ半蔵門線, 水天宮前駅,5,35.6840231,139.7891437
セントレガーレ浜町,東京都中央区日本橋浜町3丁目16-5, 都営新宿線 浜町駅 徒歩7分,https://image.homes.jp/smallimg/image.php?file=http%3A%2F%2Fimg.homes.jp%2F150614%2Frent%2F2544%2F2%2F1%2F19t9.jpg, 都営新宿線, 浜町駅,7,35.6840231,139.7891437
ジェノヴィア水天宮前スカイガーデン,東京都江東区佐賀1丁目14-8,東京メトロ東西線 門前仲町駅 徒歩9分,https://image.homes.jp/smallimg/image.php?file=http%3A%2F%2Fimg.homes.jp%2F149488%2Frent%2F2857%2F2%2F1%2Fcxiu.jpg,東京メトロ東西線, 門前仲町駅,9,35.6778019,139.7911905
ジェノヴィア水天宮前スカイガーデン,東京都江東区佐賀1丁目14-8, 東京メトロ半蔵門線 水天宮前駅 徒歩9分,https://image.homes.jp/smallimg/image.php?file=http%3A%2F%2Fimg.homes.jp%2F149488%2Frent%2F2857%2F2%2F1%2Fcxiu.jpg, 東京メトロ半蔵門線, 水天宮前駅,9,35.6778019,139.7911905
ヴァンヴェール日本橋,東京都中央区日本橋堀留町1丁目3-9,東京メトロ日比谷線 小伝馬町駅 徒歩3分,https://image.homes.jp/smallimg/image.php?file=http%3A%2F%2Fimg.homes.jp%2F126717%2Frent%2F24605%2F2%2F1%2F39rq.jpg,東京メトロ日比谷線, 小伝馬町駅,3,35.6890387,139.7788455
ヴァンヴェール日本橋,東京都中央区日本橋堀留町1丁目3-9, 都営新宿線 岩本町駅 徒歩7分,https://image.homes.jp/smallimg/image.php?file=http%3A%2F%2Fimg.homes.jp%2F126717%2Frent%2F24605%2F2%2F1%2F39rq.jpg, 都営新宿線, 岩本町駅,7,35.6890387,139.7788455
CREAL門前仲町,東京都江東区永代1丁目,東京メトロ東西線 門前仲町駅 徒歩11分,https://image3.homes.jp/smallimg/image.php?file=http%3A%2F%2Fimg.homes.jp%2F146476%2Frent%2F3385%2F2%2F1%2Fdzeo.jpg,東京メトロ東西線, 門前仲町駅,11,35.674859,139.789173
CREAL門前仲町,東京都江東区永代1丁目, JR京葉線 越中島駅 徒歩14分,https://image3.homes.jp/smallimg/image.php?file=http%3A%2F%2Fimg.homes.jp%2F146476%2Frent%2F3385%2F2%2F1%2Fdzeo.jpg, JR京葉線, 越中島駅,14,35.674859,139.789173
ライオンズ千代田岩本町ミレス-KDA,東京都千代田区岩本町2丁目,都営新宿線 岩本町駅 徒歩5分,https://image4.homes.jp/smallimg/image.php?file=http%3A%2F%2Fimg.homes.jp%2F147004%2Frent%2F1648%2F2%2F1%2Fngri.jpg,都営新宿線, 岩本町駅,5,35.6933689,139.777349
ライオンズ千代田岩本町ミレス-KDA,東京都千代田区岩本町2丁目, 東京メトロ日比谷線 秋葉原駅 徒歩6分,https://image4.homes.jp/smallimg/image.php?file=http%3A%2F%2Fimg.homes.jp%2F147004%2Frent%2F1648%2F2%2F1%2Fngri.jpg, 東京メトロ日比谷線, 秋葉原駅,6,35.6933689,139.777349
アイルイムーブル日本橋,東京都中央区日本橋小網町18-5,東京メトロ日比谷線 人形町駅 徒歩5分,https://image.homes.jp/smallimg/image.php?file=http%3A%2F%2Fimage.homes.renters.jp%2Fa47910eb-df4e-4b02-8fc5-2aae5c3ed4b7_property_picture_4104_large.jpg,東京メトロ日比谷線, 人形町駅,5,35.6846771,139.7792463
アイルイムーブル日本橋,東京都中央区日本橋小網町18-5, 東京メトロ銀座線 三越前駅 徒歩5分,https://image.homes.jp/smallimg/image.php?file=http%3A%2F%2Fimage.homes.renters.jp%2Fa47910eb-df4e-4b02-8fc5-2aae5c3ed4b7_property_picture_4104_large.jpg, 東京メトロ銀座線, 三越前駅,5,35.6846771,139.7792463
ティアラグレイス門前仲町,東京都江東区永代2丁目19-7,東京メトロ東西線 門前仲町駅 徒歩5分,https://image1.homes.jp/smallimg/image.php?file=http%3A%2F%2Fimg.homes.jp%2F3705126%2Frent%2F12884%2F2%2F2%2Fncmz.jpg,東京メトロ東西線, 門前仲町駅,5,35.6718328,139.7910416
ティアラグレイス門前仲町,東京都江東区永代2丁目19-7, 都営大江戸線 門前仲町駅 徒歩5分,https://image1.homes.jp/smallimg/image.php?file=http%3A%2F%2Fimg.homes.jp%2F3705126%2Frent%2F12884%2F2%2F2%2Fncmz.jpg, 都営大江戸線, 門前仲町駅,5,35.6718328,139.7910416
ガーラ・プレシャス門前仲町,東京都江東区永代2丁目36-12,都営大江戸線 門前仲町駅 徒歩5分,https://image.homes.jp/smallimg/image.php?file=http%3A%2F%2Fimage.homes.renters.jp%2F8a60e073-c429-40fc-924a-942a80d27023_property_picture_1909_large.jpg,都営大江戸線, 門前仲町駅,5,35.6742816,139.7923267
ガーラ・プレシャス門前仲町,東京都江東区永代2丁目36-12, 東京メトロ東西線 門前仲町駅 徒歩5分,https://image.homes.jp/smallimg/image.php?file=http%3A%2F%2Fimage.homes.renters.jp%2F8a60e073-c429-40fc-924a-942a80d27023_property_picture_1909_large.jpg, 東京メトロ東西線, 門前仲町駅,5,35.6742816,139.7923267
フィールドライズ日本橋,東京都中央区日本橋浜町2丁目23-8,東京メトロ半蔵門線 水天宮前駅 徒歩5分,https://image1.homes.jp/smallimg/image.php?file=http%3A%2F%2Fimg.homes.jp%2F5050%2Frent%2F302685%2F2%2F2%2F8yla.jpg,東京メトロ半蔵門線, 水天宮前駅,5,35.6856075,139.7877248
フィールドライズ日本橋,東京都中央区日本橋浜町2丁目23-8, 都営新宿線 浜町駅 徒歩5分,https://image1.homes.jp/smallimg/image.php?file=http%3A%2F%2Fimg.homes.jp%2F5050%2Frent%2F302685%2F2%2F2%2F8yla.jpg, 都営新宿線, 浜町駅,5,35.6856075,139.7877248
パティーナ月島,東京都中央区佃2丁目22-7,東京メトロ有楽町線 月島駅 徒歩3分,https://image4.homes.jp/smallimg/image.php?file=http%3A%2F%2Fimage.homes.renters.jp%2Fd480f251-f788-4fb5-8736-e7a9f10ce8f8_property_picture_4104_large.jpg,東京メトロ有楽町線, 月島駅,3,35.665991,139.7865903
パティーナ月島,東京都中央区佃2丁目22-7, JR京葉線 越中島駅 徒歩9分,https://image4.homes.jp/smallimg/image.php?file=http%3A%2F%2Fimage.homes.renters.jp%2Fd480f251-f788-4fb5-8736-e7a9f10ce8f8_property_picture_4104_large.jpg, JR京葉線, 越中島駅,9,35.665991,139.7865903
クオリタス日本橋浜町,東京都中央区日本橋浜町3丁目43-9,都営新宿線 浜町駅 徒歩6分,https://image1.homes.jp/smallimg/image.php?file=http%3A%2F%2Fimage.homes.renters.jp%2F6a697dc2-7517-4dcf-be26-ebc49d5beb9a_property_picture_4104_large.jpg,都営新宿線, 浜町駅,6,35.6863543,139.7913107
クオリタス日本橋浜町,東京都中央区日本橋浜町3丁目43-9, 都営大江戸線 森下駅 徒歩8分,https://image1.homes.jp/smallimg/image.php?file=http%3A%2F%2Fimage.homes.renters.jp%2F6a697dc2-7517-4dcf-be26-ebc49d5beb9a_property_picture_4104_large.jpg, 都営大江戸線, 森下駅,8,35.6863543,139.7913107
ピアース千代田淡路町,東京都千代田区神田美土代町,東京メトロ丸ノ内線 淡路町駅 徒歩1分,https://image1.homes.jp/smallimg/image.php?file=http%3A%2F%2Fimg.homes.jp%2F117646%2Frent%2F47590%2F2%2F2%2Fgjh5.jpg,東京メトロ丸ノ内線, 淡路町駅,1,35.6929344,139.7655274
ピアース千代田淡路町,東京都千代田区神田美土代町, 東京メトロ千代田線 新御茶ノ水駅 徒歩1分,https://image1.homes.jp/smallimg/image.php?file=http%3A%2F%2Fimg.homes.jp%2F117646%2Frent%2F47590%2F2%2F2%2Fgjh5.jpg, 東京メトロ千代田線, 新御茶ノ水駅,1,35.6929344,139.7655274
ベルジューレ神保町,東京都千代田区神田神保町1丁目40-7,東京メトロ半蔵門線 神保町駅 徒歩3分,https://image3.homes.jp/smallimg/image.php?file=http%3A%2F%2Fimg.homes.jp%2Fs97a88up9dsg5kt.jpg,東京メトロ半蔵門線, 神保町駅,3,35.6975562,139.7583243
ベルジューレ神保町,東京都千代田区神田神保町1丁目40-7, JR中央線 御茶ノ水駅 徒歩9分,https://image3.homes.jp/smallimg/image.php?file=http%3A%2F%2Fimg.homes.jp%2Fs97a88up9dsg5kt.jpg, JR中央線, 御茶ノ水駅,9,35.6975562,139.7583243
こもれび千桜,東京都千代田区神田東松下町22-1,JR山手線 神田駅 徒歩6分,https://image4.homes.jp/smallimg/image.php?file=http%3A%2F%2Fimg.homes.jp%2F130403%2Frent%2F2415%2F2%2F1%2F7zx8.jpg,JR山手線, 神田駅,6,35.6949058,139.7741138
こもれび千桜,東京都千代田区神田東松下町22-1, JR山手線 秋葉原駅 徒歩6分,https://image4.homes.jp/smallimg/image.php?file=http%3A%2F%2Fimg.homes.jp%2F130403%2Frent%2F2415%2F2%2F1%2F7zx8.jpg, JR山手線, 秋葉原駅,6,35.6949058,139.7741138
ベルアーム,東京都千代田区岩本町2丁目7-2,都営新宿線 岩本町駅 徒歩4分,https://image2.homes.jp/smallimg/image.php?file=http%3A%2F%2Fimg.homes.jp%2F124575%2Frent%2F85149%2F2%2F1%2Ftvrp.jpg,都営新宿線, 岩本町駅,4,35.6930898,139.7760764
ベルアーム,東京都千代田区岩本町2丁目7-2, 東京メトロ日比谷線 小伝馬町駅 徒歩5分,https://image2.homes.jp/smallimg/image.php?file=http%3A%2F%2Fimg.homes.jp%2F124575%2Frent%2F85149%2F2%2F1%2Ftvrp.jpg, 東京メトロ日比谷線, 小伝馬町駅,5,35.6930898,139.7760764
グレイスコート月島,東京都中央区月島2丁目19-10,東京メトロ有楽町線 月島駅 徒歩3分,https://image1.homes.jp/smallimg/image.php?file=https%3A%2F%2Fimg-hc.s3-ap-northeast-1.amazonaws.com%2Fimg%2FiRoom%2F7641%2F7641605%2F7641605_2.jpg,東京メトロ有楽町線, 月島駅,3,35.6617929,139.784569
グレイスコート月島,東京都中央区月島2丁目19-10, 都営大江戸線 月島駅 徒歩3分,https://image1.homes.jp/smallimg/image.php?file=https%3A%2F%2Fimg-hc.s3-ap-northeast-1.amazonaws.com%2Fimg%2FiRoom%2F7641%2F7641605%2F7641605_2.jpg, 都営大江戸線, 月島駅,3,35.6617929,139.784569
Ｓ−ＲＥＳＩＤＥＮＣＥ日本橋浜町,東京都中央区日本橋浜町2丁目50-1,都営新宿線 浜町駅 徒歩3分,https://image3.homes.jp/smallimg/image.php?file=http%3A%2F%2Fimg.homes.jp%2F142468%2Frent%2F16925%2F2%2F2%2Fov5o.jpg,都営新宿線, 浜町駅,3,35.6861988,139.7888057
Ｓ−ＲＥＳＩＤＥＮＣＥ日本橋浜町,東京都中央区日本橋浜町2丁目50-1, 東京メトロ半蔵門線 水天宮前駅 徒歩6分,https://image3.homes.jp/smallimg/image.php?file=http%3A%2F%2Fimg.homes.jp%2F142468%2Frent%2F16925%2F2%2F2%2Fov5o.jpg, 東京メトロ半蔵門線, 水天宮前駅,6,35.6861988,139.7888057
ハーモニーレジデンス門前仲町,東京都江東区永代1丁目13-5,東京メトロ東西線 門前仲町駅 徒歩6分,https://image2.homes.jp/smallimg/image.php?file=http%3A%2F%2Fimg.homes.jp%2F149488%2Frent%2F2377%2F2%2F1%2F6h2c.jpg,東京メトロ東西線, 門前仲町駅,6,35.67458850000001,139.7902282
ハーモニーレジデンス門前仲町,東京都江東区永代1丁目13-5, JR京葉線 越中島駅 徒歩14分,https://image2.homes.jp/smallimg/image.php?file=http%3A%2F%2Fimg.homes.jp%2F149488%2Frent%2F2377%2F2%2F1%2F6h2c.jpg, JR京葉線, 越中島駅,14,35.67458850000001,139.7902282
ルフォンプログレ神田プレミア,東京都千代田区神田須田町1丁目20-1,JR山手線 神田駅 徒歩3分,https://image2.homes.jp/smallimg/image.php?file=http%3A%2F%2Fimg.homes.jp%2F148360%2Frent%2F4709%2F2%2F1%2F77kd.jpg,JR山手線, 神田駅,3,35.6949587,139.7712802
ルフォンプログレ神田プレミア,東京都千代田区神田須田町1丁目20-1, 東京メトロ丸ノ内線 淡路町駅 徒歩5分,https://image2.homes.jp/smallimg/image.php?file=http%3A%2F%2Fimg.homes.jp%2F148360%2Frent%2F4709%2F2%2F1%2F77kd.jpg, 東京メトロ丸ノ内線, 淡路町駅,5,35.6949587,139.7712802
ラシクラスLAZO ginza-east（ラシクラスラゾ銀座イースト）,東京都中央区湊2丁目6-4,東京メトロ日比谷線 八丁堀駅 徒歩6分,https://image.homes.jp/smallimg/image.php?file=http%3A%2F%2Fimg.homes.jp%2F150614%2Frent%2F2096%2F2%2F1%2Fjhg3.jpg,東京メトロ日比谷線, 八丁堀駅,6,35.671197,139.7791878
ラシクラスLAZO ginza-east（ラシクラスラゾ銀座イースト）,東京都中央区湊2丁目6-4, 東京メトロ有楽町線 新富町駅 徒歩6分,https://image.homes.jp/smallimg/image.php?file=http%3A%2F%2Fimg.homes.jp%2F150614%2Frent%2F2096%2F2%2F1%2Fjhg3.jpg, 東京メトロ有楽町線, 新富町駅,6,35.671197,139.7791878
ガーラ・ヴィスタ日本橋浜町,東京都中央区日本橋浜町3丁目36-2,都営新宿線 浜町駅 徒歩5分,https://image.homes.jp/smallimg/image.php?file=http%3A%2F%2Fimage.homes.renters.jp%2F0fb19a1ce52c0141668f6cd83cb0b0ff_property_picture_1909_large.jpg,都営新宿線, 浜町駅,5,35.6851167,139.7909108
ガーラ・ヴィスタ日本橋浜町,東京都中央区日本橋浜町3丁目36-2, 東京メトロ半蔵門線 水天宮前駅 徒歩7分,https://image.homes.jp/smallimg/image.php?file=http%3A%2F%2Fimage.homes.renters.jp%2F0fb19a1ce52c0141668f6cd83cb0b0ff_property_picture_1909_large.jpg, 東京メトロ半蔵門線, 水天宮前駅,7,35.6851167,139.7909108
ＦＵＳＩＯＮ日本橋箱崎,東京都中央区日本橋箱崎町37-14,東京メトロ半蔵門線 水天宮前駅 徒歩4分,https://image3.homes.jp/smallimg/image.php?file=http%3A%2F%2Fimg.homes.jp%2F5010%2Frent%2F447068%2F2%2F2%2Fad7m.jpg,東京メトロ半蔵門線, 水天宮前駅,4,35.681191,139.7886337
ＦＵＳＩＯＮ日本橋箱崎,東京都中央区日本橋箱崎町37-14, 東京メトロ日比谷線 人形町駅 徒歩10分,https://image3.homes.jp/smallimg/image.php?file=http%3A%2F%2Fimg.homes.jp%2F5010%2Frent%2F447068%2F2%2F2%2Fad7m.jpg, 東京メトロ日比谷線, 人形町駅,10,35.681191,139.7886337
ルヴェール日本橋小伝馬町,東京都中央区日本橋小伝馬町17-7,東京メトロ日比谷線 小伝馬町駅 徒歩3分,https://image4.homes.jp/smallimg/image.php?file=http%3A%2F%2Fimg.homes.jp%2F145606%2Frent%2F62416%2F2%2F2%2Fyeq0.jpg,東京メトロ日比谷線, 小伝馬町駅,3,35.6926266,139.779676
ルヴェール日本橋小伝馬町,東京都中央区日本橋小伝馬町17-7, JR総武本線 馬喰町駅 徒歩3分,https://image4.homes.jp/smallimg/image.php?file=http%3A%2F%2Fimg.homes.jp%2F145606%2Frent%2F62416%2F2%2F2%2Fyeq0.jpg, JR総武本線, 馬喰町駅,3,35.6926266,139.779676
グランドルチェ東日本橋,東京都中央区日本橋横山町2-2,JR総武本線 馬喰町駅 徒歩2分,https://image2.homes.jp/smallimg/image.php?file=http%3A%2F%2Fimage.homes.renters.jp%2Fc3fb39fb-cc96-4093-9abc-b0142cda5745_property_picture_4104_large.jpg,JR総武本線, 馬喰町駅,2,35.69178309999999,139.7814033
グランドルチェ東日本橋,東京都中央区日本橋横山町2-2, 都営新宿線 馬喰横山駅 徒歩3分,https://image2.homes.jp/smallimg/image.php?file=http%3A%2F%2Fimage.homes.renters.jp%2Fc3fb39fb-cc96-4093-9abc-b0142cda5745_property_picture_4104_large.jpg, 都営新宿線, 馬喰横山駅,3,35.69178309999999,139.7814033
コンフォリア門前仲町ウエスト,東京都江東区佐賀1丁目5-2,東京メトロ東西線 門前仲町駅 徒歩9分,https://image3.homes.jp/smallimg/image.php?file=http%3A%2F%2Fimage.homes.renters.jp%2F78bd07bc-6e99-4be0-9041-1e5afb87fded_property_picture_4104_large.jpg,東京メトロ東西線, 門前仲町駅,9,35.6761872,139.7896814
コンフォリア門前仲町ウエスト,東京都江東区佐賀1丁目5-2, 東京メトロ半蔵門線 水天宮前駅 徒歩11分,https://image3.homes.jp/smallimg/image.php?file=http%3A%2F%2Fimage.homes.renters.jp%2F78bd07bc-6e99-4be0-9041-1e5afb87fded_property_picture_4104_large.jpg, 東京メトロ半蔵門線, 水天宮前駅,11,35.6761872,139.7896814
グランド・ガーラ門前仲町,東京都江東区福住2丁目3-16,東京メトロ東西線 門前仲町駅 徒歩7分,https://image3.homes.jp/smallimg/image.php?file=http%3A%2F%2Fimg.homes.jp%2F149083%2Frent%2F2813%2F2%2F1%2Faw2g.jpg,東京メトロ東西線, 門前仲町駅,7,35.6775213,139.7937724
グランド・ガーラ門前仲町,東京都江東区福住2丁目3-16, 都営大江戸線 清澄白河駅 徒歩11分,https://image3.homes.jp/smallimg/image.php?file=http%3A%2F%2Fimg.homes.jp%2F149083%2Frent%2F2813%2F2%2F1%2Faw2g.jpg, 都営大江戸線, 清澄白河駅,11,35.6775213,139.7937724
アジールコート銀座イースト,東京都中央区築地7丁目12-4,東京メトロ日比谷線 築地駅 徒歩5分,https://image2.homes.jp/smallimg/image.php?file=https%3A%2F%2Fimg-hc.s3-ap-northeast-1.amazonaws.com%2Fimg%2FiRoom%2F7526%2F7526064%2F7526064_2.jpg,東京メトロ日比谷線, 築地駅,5,35.6654761,139.7750075
アジールコート銀座イースト,東京都中央区築地7丁目12-4, 東京メトロ有楽町線 新富町駅 徒歩9分,https://image2.homes.jp/smallimg/image.php?file=https%3A%2F%2Fimg-hc.s3-ap-northeast-1.amazonaws.com%2Fimg%2FiRoom%2F7526%2F7526064%2F7526064_2.jpg, 東京メトロ有楽町線, 新富町駅,9,35.6654761,139.7750075
アイル大手町,東京都千代田区神田錦町2丁目5-11,都営新宿線 小川町駅 徒歩7分,https://image1.homes.jp/smallimg/image.php?file=http%3A%2F%2Fimg.homes.jp%2F120695%2Frent%2F412853%2F2%2F2%2Fkikc.jpg,都営新宿線, 小川町駅,7,35.6920593,139.7630316
アイル大手町,東京都千代田区神田錦町2丁目5-11, 東京メトロ丸ノ内線 大手町駅 徒歩8分,https://image1.homes.jp/smallimg/image.php?file=http%3A%2F%2Fimg.homes.jp%2F120695%2Frent%2F412853%2F2%2F2%2Fkikc.jpg, 東京メトロ丸ノ内線, 大手町駅,8,35.6920593,139.7630316
メディオ月島,東京都中央区月島3丁目3-5,東京メトロ有楽町線 月島駅 徒歩3分,https://image4.homes.jp/smallimg/image.php?file=http%3A%2F%2Fimage.homes.renters.jp%2F2f465adb-e3da-4dc3-a927-11c472de6071_property_picture_4104_large.jpg,東京メトロ有楽町線, 月島駅,3,35.6638481,139.7805844
メディオ月島,東京都中央区月島3丁目3-5, 都営大江戸線 勝どき駅 徒歩9分,https://image4.homes.jp/smallimg/image.php?file=http%3A%2F%2Fimage.homes.renters.jp%2F2f465adb-e3da-4dc3-a927-11c472de6071_property_picture_4104_large.jpg, 都営大江戸線, 勝どき駅,9,35.6638481,139.7805844
スパシエトラッド門前仲町,東京都江東区門前仲町1丁目16-4,東京メトロ東西線 門前仲町駅 徒歩3分,https://image2.homes.jp/smallimg/image.php?file=http%3A%2F%2Fimg.homes.jp%2F150735%2Frent%2F2782%2F2%2F1%2Ft8b2.jpg,東京メトロ東西線, 門前仲町駅,3,35.67440819999999,139.793939
スパシエトラッド門前仲町,東京都江東区門前仲町1丁目16-4, 東京メトロ半蔵門線 清澄白河駅 徒歩14分,https://image2.homes.jp/smallimg/image.php?file=http%3A%2F%2Fimg.homes.jp%2F150735%2Frent%2F2782%2F2%2F1%2Ft8b2.jpg, 東京メトロ半蔵門線, 清澄白河駅,14,35.67440819999999,139.793939
リバティーズSAGA.I,東京都江東区佐賀2丁目1-10,東京メトロ半蔵門線 水天宮前駅 徒歩9分,https://image.homes.jp/smallimg/image.php?file=http%3A%2F%2Fimg.homes.jp%2F149083%2Frent%2F2929%2F2%2F1%2Fd3nw.jpg,東京メトロ半蔵門線, 水天宮前駅,9,35.679498,139.7907046
リバティーズSAGA.I,東京都江東区佐賀2丁目1-10, 都営大江戸線 清澄白河駅 徒歩12分,https://image.homes.jp/smallimg/image.php?file=http%3A%2F%2Fimg.homes.jp%2F149083%2Frent%2F2929%2F2%2F1%2Fd3nw.jpg, 都営大江戸線, 清澄白河駅,12,35.679498,139.7907046
レガリス門前仲町,東京都江東区越中島2丁目13-12,JR京葉線 越中島駅 徒歩2分,https://image3.homes.jp/smallimg/image.php?file=http%3A%2F%2Fimg.homes.jp%2F150736%2Frent%2F3699%2F2%2F1%2Fmbjm.jpg,JR京葉線, 越中島駅,2,35.6664727,139.7947061
レガリス門前仲町,東京都江東区越中島2丁目13-12, 東京メトロ東西線 門前仲町駅 徒歩9分,https://image3.homes.jp/smallimg/image.php?file=http%3A%2F%2Fimg.homes.jp%2F150736%2Frent%2F3699%2F2%2F1%2Fmbjm.jpg, 東京メトロ東西線, 門前仲町駅,9,35.6664727,139.7947061
コンフォリア森下サウス,東京都江東区新大橋2丁目2-8,都営新宿線 森下駅 徒歩4分,https://image2.homes.jp/smallimg/image.php?file=http%3A%2F%2Fimg.homes.jp%2F149488%2Frent%2F2655%2F2%2F1%2Fzfu7.jpg,都営新宿線, 森下駅,4,35.6862999,139.7950409
コンフォリア森下サウス,東京都江東区新大橋2丁目2-8, 都営大江戸線 清澄白河駅 徒歩9分,https://image2.homes.jp/smallimg/image.php?file=http%3A%2F%2Fimg.homes.jp%2F149488%2Frent%2F2655%2F2%2F1%2Fzfu7.jpg, 都営大江戸線, 清澄白河駅,9,35.6862999,139.7950409
ハーモニーコート月島,東京都中央区佃2丁目12-12,東京メトロ有楽町線 月島駅 徒歩3分,https://image3.homes.jp/smallimg/image.php?file=http%3A%2F%2Fimg.homes.jp%2F150735%2Frent%2F1392%2F2%2F1%2F9flu.jpg,東京メトロ有楽町線, 月島駅,3,35.6666837,139.7859172
ハーモニーコート月島,東京都中央区佃2丁目12-12, JR京葉線 越中島駅 徒歩10分,https://image3.homes.jp/smallimg/image.php?file=http%3A%2F%2Fimg.homes.jp%2F150735%2Frent%2F1392%2F2%2F1%2F9flu.jpg, JR京葉線, 越中島駅,10,35.6666837,139.7859172
パークリュクス銀座8丁目mono,東京都中央区銀座8丁目15-4,都営大江戸線 汐留駅 徒歩5分,https://image4.homes.jp/smallimg/image.php?file=http%3A%2F%2Fimg.homes.jp%2F150614%2Frent%2F2375%2F2%2F1%2F6yf1.jpg,都営大江戸線, 汐留駅,5,35.66626979999999,139.7637504
パークリュクス銀座8丁目mono,東京都中央区銀座8丁目15-4, 東京メトロ日比谷線 東銀座駅 徒歩7分,https://image4.homes.jp/smallimg/image.php?file=http%3A%2F%2Fimg.homes.jp%2F150614%2Frent%2F2375%2F2%2F1%2F6yf1.jpg, 東京メトロ日比谷線, 東銀座駅,7,35.66626979999999,139.7637504
ハーモニーレジデンス水天宮前,東京都中央区日本橋箱崎町19-28,東京メトロ半蔵門線 水天宮前駅 徒歩3分,https://image4.homes.jp/smallimg/image.php?file=http%3A%2F%2Fimg.homes.jp%2F142468%2Frent%2F17290%2F2%2F2%2F61js.jpg,東京メトロ半蔵門線, 水天宮前駅,3,35.6795425,139.7871156
ハーモニーレジデンス水天宮前,東京都中央区日本橋箱崎町19-28, 東京メトロ日比谷線 茅場町駅 徒歩9分,https://image4.homes.jp/smallimg/image.php?file=http%3A%2F%2Fimg.homes.jp%2F142468%2Frent%2F17290%2F2%2F2%2F61js.jpg, 東京メトロ日比谷線, 茅場町駅,9,35.6795425,139.7871156
コンフォリア門前仲町サウス,東京都江東区牡丹1丁目13-6,東京メトロ東西線 門前仲町駅 徒歩5分,https://image.homes.jp/smallimg/image.php?file=http%3A%2F%2Fimage.homes.renters.jp%2F86cb2843-83b7-4dbb-b27b-3b51a437d82b_property_picture_4104_large.jpg,東京メトロ東西線, 門前仲町駅,5,35.6709981,139.7942393
コンフォリア門前仲町サウス,東京都江東区牡丹1丁目13-6, JR京葉線 越中島駅 徒歩5分,https://image.homes.jp/smallimg/image.php?file=http%3A%2F%2Fimage.homes.renters.jp%2F86cb2843-83b7-4dbb-b27b-3b51a437d82b_property_picture_4104_large.jpg, JR京葉線, 越中島駅,5,35.6709981,139.7942393
エルスタンザ日本橋久松町,東京都中央区日本橋久松町4-11,都営浅草線 東日本橋駅 徒歩3分,https://image1.homes.jp/smallimg/image.php?file=http%3A%2F%2Fimage.homes.renters.jp%2F54ae8e77-6606-4e35-939e-1f7ec38adc61_property_picture_4104_large.jpg,都営浅草線, 東日本橋駅,3,35.6900961,139.7839298
エルスタンザ日本橋久松町,東京都中央区日本橋久松町4-11, 東京メトロ日比谷線 人形町駅 徒歩7分,https://image1.homes.jp/smallimg/image.php?file=http%3A%2F%2Fimage.homes.renters.jp%2F54ae8e77-6606-4e35-939e-1f7ec38adc61_property_picture_4104_large.jpg, 東京メトロ日比谷線, 人形町駅,7,35.6900961,139.7839298
プレール・ドゥーク日本橋,東京都中央区日本橋浜町2丁目24-6,東京メトロ半蔵門線 水天宮前駅 徒歩6分,https://image2.homes.jp/smallimg/image.php?file=http%3A%2F%2Fimg.homes.jp%2F125880%2Frent%2F33757%2F2%2F2%2Fany1.jpg,東京メトロ半蔵門線, 水天宮前駅,6,35.6861727,139.7886617
プレール・ドゥーク日本橋,東京都中央区日本橋浜町2丁目24-6, 都営新宿線 浜町駅 徒歩3分,https://image2.homes.jp/smallimg/image.php?file=http%3A%2F%2Fimg.homes.jp%2F125880%2Frent%2F33757%2F2%2F2%2Fany1.jpg, 都営新宿線, 浜町駅,3,35.6861727,139.7886617
パティオ神田,東京都千代田区岩本町2丁目1-7,JR山手線 神田駅 徒歩6分,https://image.homes.jp/smallimg/image.php?file=http%3A%2F%2Fimg.homes.jp%2F142468%2Frent%2F17246%2F2%2F2%2Fx0jl.jpg,JR山手線, 神田駅,6,35.6924113,139.7754518
パティオ神田,東京都千代田区岩本町2丁目1-7, JR山手線 秋葉原駅 徒歩9分,https://image.homes.jp/smallimg/image.php?file=http%3A%2F%2Fimg.homes.jp%2F142468%2Frent%2F17246%2F2%2F2%2Fx0jl.jpg, JR山手線, 秋葉原駅,9,35.6924113,139.7754518
エステムプラザ日本橋レジェンド,東京都中央区日本橋浜町3丁目,都営新宿線 浜町駅 徒歩5分,https://image.homes.jp/smallimg/image.php?file=http%3A%2F%2Fimg.homes.jp%2F146124%2Frent%2F9602%2F2%2F1%2F8y2q.jpg,都営新宿線, 浜町駅,5,35.684715,139.7901318
エステムプラザ日本橋レジェンド,東京都中央区日本橋浜町3丁目, 東京メトロ半蔵門線 水天宮前駅 徒歩8分,https://image.homes.jp/smallimg/image.php?file=http%3A%2F%2Fimg.homes.jp%2F146124%2Frent%2F9602%2F2%2F1%2F8y2q.jpg, 東京メトロ半蔵門線, 水天宮前駅,8,35.684715,139.7901318
アーバンステージ月島III,東京都中央区月島2丁目17-7,東京メトロ有楽町線 月島駅 徒歩2分,https://image4.homes.jp/smallimg/image.php?file=http%3A%2F%2Fimage.homes.renters.jp%2F1d1d7299-86e3-437c-93e8-ff3e3462f6e5_property_picture_4104_large.jpg,東京メトロ有楽町線, 月島駅,2,35.6618259,139.7838899
アーバンステージ月島III,東京都中央区月島2丁目17-7, 都営大江戸線 勝どき駅 徒歩10分,https://image4.homes.jp/smallimg/image.php?file=http%3A%2F%2Fimage.homes.renters.jp%2F1d1d7299-86e3-437c-93e8-ff3e3462f6e5_property_picture_4104_large.jpg, 都営大江戸線, 勝どき駅,10,35.6618259,139.7838899
エリートタウン日本橋,東京都中央区日本橋浜町2丁目60-5,都営新宿線 浜町駅 徒歩2分,https://image4.homes.jp/smallimg/image.php?file=http%3A%2F%2Fimg.homes.jp%2F150614%2Frent%2F2766%2F2%2F1%2Fgayz.jpg,都営新宿線, 浜町駅,2,35.6894006,139.7872754
エリートタウン日本橋,東京都中央区日本橋浜町2丁目60-5, 都営浅草線 東日本橋駅 徒歩5分,https://image4.homes.jp/smallimg/image.php?file=http%3A%2F%2Fimg.homes.jp%2F150614%2Frent%2F2766%2F2%2F1%2Fgayz.jpg, 都営浅草線, 東日本橋駅,5,35.6894006,139.7872754
XEBEC人形町exz.,東京都中央区日本橋小舟町15-13,東京メトロ日比谷線 人形町駅 徒歩4分,https://image2.homes.jp/smallimg/image.php?file=http%3A%2F%2Fimg.homes.jp%2F142468%2Frent%2F16050%2F2%2F2%2Fvfea.jpg,東京メトロ日比谷線, 人形町駅,4,35.6858096,139.7795659
XEBEC人形町exz.,東京都中央区日本橋小舟町15-13, 東京メトロ銀座線 三越前駅 徒歩8分,https://image2.homes.jp/smallimg/image.php?file=http%3A%2F%2Fimg.homes.jp%2F142468%2Frent%2F16050%2F2%2F2%2Fvfea.jpg, 東京メトロ銀座線, 三越前駅,8,35.6858096,139.7795659
グランパレス東京八重洲アベニュー,東京都中央区新川2丁目29-3,東京メトロ日比谷線 八丁堀駅 徒歩5分,https://image.homes.jp/smallimg/image.php?file=http%3A%2F%2Fimg.homes.jp%2F126717%2Frent%2F24271%2F2%2F1%2Fljje.jpg,東京メトロ日比谷線, 八丁堀駅,5,35.6729414,139.7832208
グランパレス東京八重洲アベニュー,東京都中央区新川2丁目29-3, 東京メトロ東西線 茅場町駅 徒歩10分,https://image.homes.jp/smallimg/image.php?file=http%3A%2F%2Fimg.homes.jp%2F126717%2Frent%2F24271%2F2%2F1%2Fljje.jpg, 東京メトロ東西線, 茅場町駅,10,35.6729414,139.7832208
ステージグランデ茅場町,東京都中央区新川1丁目25-16,JR京葉線 八丁堀駅 徒歩6分,https://image4.homes.jp/smallimg/image.php?file=http%3A%2F%2Fimg.homes.jp%2F139453%2Frent%2F25200%2F2%2F2%2Frixl.jpg,JR京葉線, 八丁堀駅,6,35.6750001,139.7844192
ステージグランデ茅場町,東京都中央区新川1丁目25-16, 東京メトロ東西線 茅場町駅 徒歩7分,https://image4.homes.jp/smallimg/image.php?file=http%3A%2F%2Fimg.homes.jp%2F139453%2Frent%2F25200%2F2%2F2%2Frixl.jpg, 東京メトロ東西線, 茅場町駅,7,35.6750001,139.7844192
レジディア九段下2,東京都千代田区神田神保町3丁目7,東京メトロ半蔵門線 九段下駅 徒歩2分,https://image1.homes.jp/smallimg/image.php?file=http%3A%2F%2Fimage.homes.renters.jp%2Fbaef3c8d-5210-4e7d-8e7e-283a85429d36_property_picture_4104_large.jpg,東京メトロ半蔵門線, 九段下駅,2,35.69552,139.7533289
レジディア九段下2,東京都千代田区神田神保町3丁目7, 東京メトロ半蔵門線 神保町駅 徒歩4分,https://image1.homes.jp/smallimg/image.php?file=http%3A%2F%2Fimage.homes.renters.jp%2Fbaef3c8d-5210-4e7d-8e7e-283a85429d36_property_picture_4104_large.jpg, 東京メトロ半蔵門線, 神保町駅,4,35.69552,139.7533289
ロメック月島,東京都中央区佃3丁目7-7,東京メトロ有楽町線 月島駅 徒歩2分,https://image2.homes.jp/smallimg/image.php?file=http%3A%2F%2Fimg.homes.jp%2F142468%2Frent%2F16823%2F2%2F2%2Fa0nq.jpg,東京メトロ有楽町線, 月島駅,2,35.6641763,139.7861968
ロメック月島,東京都中央区佃3丁目7-7, JR京葉線 越中島駅 徒歩12分,https://image2.homes.jp/smallimg/image.php?file=http%3A%2F%2Fimg.homes.jp%2F142468%2Frent%2F16823%2F2%2F2%2Fa0nq.jpg, JR京葉線, 越中島駅,12,35.6641763,139.7861968
ココグランズマルビシ,東京都中央区明石町,東京メトロ有楽町線 新富町駅 徒歩4分,https://image4.homes.jp/smallimg/image.php?file=http%3A%2F%2Fimg.homes.jp%2F139453%2Frent%2F26774%2F2%2F2%2Fgmep.jpg,東京メトロ有楽町線, 新富町駅,4,35.6674774,139.7786272
ココグランズマルビシ,東京都中央区明石町, 東京メトロ日比谷線 築地駅 徒歩5分,https://image4.homes.jp/smallimg/image.php?file=http%3A%2F%2Fimg.homes.jp%2F139453%2Frent%2F26774%2F2%2F2%2Fgmep.jpg, 東京メトロ日比谷線, 築地駅,5,35.6674774,139.7786272
セ・マニフィーク　月島,東京都中央区月島1丁目,東京メトロ有楽町線 月島駅 徒歩3分,https://image4.homes.jp/smallimg/image.php?file=https%3A%2F%2Fimg-dk.s3-ap-northeast-1.amazonaws.com%2Fimg%2Froom%2F24%2F24088%2F24088_2.jpg,東京メトロ有楽町線, 月島駅,3,35.6644207,139.7824618
セ・マニフィーク　月島,東京都中央区月島1丁目, 都営大江戸線 月島駅 徒歩3分,https://image4.homes.jp/smallimg/image.php?file=https%3A%2F%2Fimg-dk.s3-ap-northeast-1.amazonaws.com%2Fimg%2Froom%2F24%2F24088%2F24088_2.jpg, 都営大江戸線, 月島駅,3,35.6644207,139.7824618
月島輝夜,東京都中央区月島3丁目15-8,東京メトロ有楽町線 月島駅 徒歩5分,https://image1.homes.jp/smallimg/image.php?file=http%3A%2F%2Fimg.homes.jp%2F140494%2Frent%2F5847%2F2%2F1%2Fpkwz.jpg,東京メトロ有楽町線, 月島駅,5,35.6619603,139.7798355
月島輝夜,東京都中央区月島3丁目15-8, 都営大江戸線 勝どき駅 徒歩5分,https://image1.homes.jp/smallimg/image.php?file=http%3A%2F%2Fimg.homes.jp%2F140494%2Frent%2F5847%2F2%2F1%2Fpkwz.jpg, 都営大江戸線, 勝どき駅,5,35.6619603,139.7798355
プライムブリス門前仲町,東京都江東区永代2丁目36-5,都営大江戸線 門前仲町駅 徒歩6分,https://image.homes.jp/smallimg/image.php?file=http%3A%2F%2Fimage.homes.renters.jp%2Fa0598a26-f942-423b-9f5e-2036cb1eda7f_property_picture_4104_large.jpg,都営大江戸線, 門前仲町駅,6,35.6743658,139.7921099
プライムブリス門前仲町,東京都江東区永代2丁目36-5, JR京葉線 越中島駅 徒歩13分,https://image.homes.jp/smallimg/image.php?file=http%3A%2F%2Fimage.homes.renters.jp%2Fa0598a26-f942-423b-9f5e-2036cb1eda7f_property_picture_4104_large.jpg, JR京葉線, 越中島駅,13,35.6743658,139.7921099
XEBEC門前仲町,東京都江東区永代1丁目14-27,東京メトロ東西線 門前仲町駅 徒歩6分,https://image4.homes.jp/smallimg/image.php?file=http%3A%2F%2Fimg.homes.jp%2F101709%2Frent%2F100356%2F2%2F1%2Flske.jpg,東京メトロ東西線, 門前仲町駅,6,35.67496939999999,139.7905013
XEBEC門前仲町,東京都江東区永代1丁目14-27, JR京葉線 越中島駅 徒歩13分,https://image4.homes.jp/smallimg/image.php?file=http%3A%2F%2Fimg.homes.jp%2F101709%2Frent%2F100356%2F2%2F1%2Flske.jpg, JR京葉線, 越中島駅,13,35.67496939999999,139.7905013
カスタリア銀座II,東京都中央区銀座1丁目23-4,東京メトロ有楽町線 新富町駅 徒歩3分,https://image3.homes.jp/smallimg/image.php?file=http%3A%2F%2Fimg.homes.jp%2F126717%2Frent%2F24602%2F2%2F1%2Ffep3.jpg,東京メトロ有楽町線, 新富町駅,3,35.671967,139.7715877
カスタリア銀座II,東京都中央区銀座1丁目23-4, 都営浅草線 宝町駅 徒歩5分,https://image3.homes.jp/smallimg/image.php?file=http%3A%2F%2Fimg.homes.jp%2F126717%2Frent%2F24602%2F2%2F1%2Ffep3.jpg, 都営浅草線, 宝町駅,5,35.671967,139.7715877
グランフェリシア,東京都中央区日本橋蛎殻町1丁目37-4,東京メトロ半蔵門線 水天宮前駅 徒歩2分,https://image1.homes.jp/smallimg/image.php?file=http%3A%2F%2Fimage.homes.renters.jp%2F10b43afd-8572-4018-bd69-562fcaa31a2e_property_picture_4104_large.jpg,東京メトロ半蔵門線, 水天宮前駅,2,35.68241,139.7849571
グランフェリシア,東京都中央区日本橋蛎殻町1丁目37-4, 東京メトロ日比谷線 人形町駅 徒歩5分,https://image1.homes.jp/smallimg/image.php?file=http%3A%2F%2Fimage.homes.renters.jp%2F10b43afd-8572-4018-bd69-562fcaa31a2e_property_picture_4104_large.jpg, 東京メトロ日比谷線, 人形町駅,5,35.68241,139.7849571
パークリュクス門前仲町mono,東京都江東区佐賀1丁目12-1,東京メトロ半蔵門線 水天宮前駅 徒歩7分,https://image1.homes.jp/smallimg/image.php?file=http%3A%2F%2Fimg.homes.jp%2F125597%2Frent%2F31239%2F2%2F1%2Fu8jq.jpg,東京メトロ半蔵門線, 水天宮前駅,7,35.6776851,139.7898387
パークリュクス門前仲町mono,東京都江東区佐賀1丁目12-1, 都営大江戸線 門前仲町駅 徒歩11分,https://image1.homes.jp/smallimg/image.php?file=http%3A%2F%2Fimg.homes.jp%2F125597%2Frent%2F31239%2F2%2F1%2Fu8jq.jpg, 都営大江戸線, 門前仲町駅,11,35.6776851,139.7898387
クレール千代田岩本町,東京都千代田区岩本町2丁目19-6,都営新宿線 岩本町駅 徒歩5分,https://image4.homes.jp/smallimg/image.php?file=http%3A%2F%2Fimage.homes.renters.jp%2F41883ac7-6c1c-45c3-8a7c-2803fbf6e071_property_picture_4104_large.jpg,都営新宿線, 岩本町駅,5,35.6944213,139.778767
クレール千代田岩本町,東京都千代田区岩本町2丁目19-6, JR山手線 秋葉原駅 徒歩10分,https://image4.homes.jp/smallimg/image.php?file=http%3A%2F%2Fimage.homes.renters.jp%2F41883ac7-6c1c-45c3-8a7c-2803fbf6e071_property_picture_4104_large.jpg, JR山手線, 秋葉原駅,10,35.6944213,139.778767
プラウドフラット八丁堀,東京都中央区八丁堀1丁目8-5,東京メトロ日比谷線 八丁堀駅 徒歩3分,https://image.homes.jp/smallimg/image.php?file=http%3A%2F%2Fimage.homes.renters.jp%2Fd531fbb5-09e4-44a6-bc58-0ee127a26aa6_property_picture_4104_large.jpg,東京メトロ日比谷線, 八丁堀駅,3,35.6775461,139.7775681
プラウドフラット八丁堀,東京都中央区八丁堀1丁目8-5, 東京メトロ東西線 茅場町駅 徒歩3分,https://image.homes.jp/smallimg/image.php?file=http%3A%2F%2Fimage.homes.renters.jp%2Fd531fbb5-09e4-44a6-bc58-0ee127a26aa6_property_picture_4104_large.jpg, 東京メトロ東西線, 茅場町駅,3,35.6775461,139.7775681
ジェノヴィア東日本橋駅前グリーンヴェール,東京都中央区東日本橋3丁目7-14,都営浅草線 東日本橋駅 徒歩1分,https://image1.homes.jp/smallimg/image.php?file=http%3A%2F%2Fimg.homes.jp%2F101709%2Frent%2F101150%2F2%2F1%2F87ry.jpg,都営浅草線, 東日本橋駅,1,35.6916325,139.784519
ジェノヴィア東日本橋駅前グリーンヴェール,東京都中央区東日本橋3丁目7-14, 都営新宿線 馬喰横山駅 徒歩1分,https://image1.homes.jp/smallimg/image.php?file=http%3A%2F%2Fimg.homes.jp%2F101709%2Frent%2F101150%2F2%2F1%2F87ry.jpg, 都営新宿線, 馬喰横山駅,1,35.6916325,139.784519
ハイム芙蓉,東京都江東区永代2丁目28-3,東京メトロ東西線 門前仲町駅 徒歩3分,https://image3.homes.jp/smallimg/image.php?file=http%3A%2F%2Fimage.homes.renters.jp%2Fd819e6e6-0f30-48dd-a2ed-6c3077d9cf6f_property_picture_4104_large.jpg,東京メトロ東西線, 門前仲町駅,3,35.6729594,139.7922692
ハイム芙蓉,東京都江東区永代2丁目28-3, JR京葉線 越中島駅 徒歩9分,https://image3.homes.jp/smallimg/image.php?file=http%3A%2F%2Fimage.homes.renters.jp%2Fd819e6e6-0f30-48dd-a2ed-6c3077d9cf6f_property_picture_4104_large.jpg, JR京葉線, 越中島駅,9,35.6729594,139.7922692
スカイコートパレス月島,東京都中央区佃2丁目5-13,東京メトロ有楽町線 月島駅 徒歩3分,https://image2.homes.jp/smallimg/image.php?file=http%3A%2F%2Fimg.homes.jp%2F117815%2Frent%2F28069%2F2%2F1%2Fpt5k.jpg,東京メトロ有楽町線, 月島駅,3,35.6670489,139.7846788
スカイコートパレス月島,東京都中央区佃2丁目5-13, JR京葉線 越中島駅 徒歩13分,https://image2.homes.jp/smallimg/image.php?file=http%3A%2F%2Fimg.homes.jp%2F117815%2Frent%2F28069%2F2%2F1%2Fpt5k.jpg, JR京葉線, 越中島駅,13,35.6670489,139.7846788
ハイム芙蓉,東京都江東区永代2丁目28-3,東京メトロ東西線 門前仲町駅 徒歩3分,https://image3.homes.jp/smallimg/image.php?file=http%3A%2F%2Fimage.homes.renters.jp%2Fd819e6e6-0f30-48dd-a2ed-6c3077d9cf6f_property_picture_4104_large.jpg,東京メトロ東西線, 門前仲町駅,3,35.6729594,139.7922692
ハイム芙蓉,東京都江東区永代2丁目28-3, JR京葉線 越中島駅 徒歩9分,https://image3.homes.jp/smallimg/image.php?file=http%3A%2F%2Fimage.homes.renters.jp%2Fd819e6e6-0f30-48dd-a2ed-6c3077d9cf6f_property_picture_4104_large.jpg, JR京葉線, 越中島駅,9,35.6729594,139.7922692
クレヴィスタ門前仲町,東京都江東区永代2丁目20-11,都営大江戸線 門前仲町駅 徒歩4分,https://image4.homes.jp/smallimg/image.php?file=http%3A%2F%2Fimg.homes.jp%2F103733%2Frent%2F75199%2F2%2F1%2Fatqr.jpg,都営大江戸線, 門前仲町駅,4,35.6719256,139.7913902
クレヴィスタ門前仲町,東京都江東区永代2丁目20-11, JR京葉線 越中島駅 徒歩7分,https://image4.homes.jp/smallimg/image.php?file=http%3A%2F%2Fimg.homes.jp%2F103733%2Frent%2F75199%2F2%2F1%2Fatqr.jpg, JR京葉線, 越中島駅,7,35.6719256,139.7913902
スカイコートパレス月島,東京都中央区佃2丁目5-13,東京メトロ有楽町線 月島駅 徒歩3分,https://image2.homes.jp/smallimg/image.php?file=http%3A%2F%2Fimg.homes.jp%2F117815%2Frent%2F28069%2F2%2F1%2Fpt5k.jpg,東京メトロ有楽町線, 月島駅,3,35.6670489,139.7846788
スカイコートパレス月島,東京都中央区佃2丁目5-13, JR京葉線 越中島駅 徒歩13分,https://image2.homes.jp/smallimg/image.php?file=http%3A%2F%2Fimg.homes.jp%2F117815%2Frent%2F28069%2F2%2F1%2Fpt5k.jpg, JR京葉線, 越中島駅,13,35.6670489,139.7846788
リヴシティ神田,東京都千代田区神田富山町16-1,JR山手線 神田駅 徒歩5分,https://image.homes.jp/smallimg/image.php?file=http%3A%2F%2Fimg.homes.jp%2F145079%2Frent%2F12406%2F2%2F2%2F48sy.jpg,JR山手線, 神田駅,5,35.6936201,139.773653
リヴシティ神田,東京都千代田区神田富山町16-1, JR京浜東北・根岸線 神田駅 徒歩5分,https://image.homes.jp/smallimg/image.php?file=http%3A%2F%2Fimg.homes.jp%2F145079%2Frent%2F12406%2F2%2F2%2F48sy.jpg, JR京浜東北・根岸線, 神田駅,5,35.6936201,139.773653
Artio　Domani（アルティオ　ドマーニ）,東京都千代田区内神田3丁目,JR山手線 神田駅 徒歩3分,https://image3.homes.jp/smallimg/image.php?file=http%3A%2F%2Fimg.homes.jp%2F146124%2Frent%2F9518%2F2%2F1%2Fiu6o.jpg,JR山手線, 神田駅,3,35.6912843,139.7700002
Artio　Domani（アルティオ　ドマーニ）,東京都千代田区内神田3丁目, 東京メトロ半蔵門線 大手町駅 徒歩6分,https://image3.homes.jp/smallimg/image.php?file=http%3A%2F%2Fimg.homes.jp%2F146124%2Frent%2F9518%2F2%2F1%2Fiu6o.jpg, 東京メトロ半蔵門線, 大手町駅,6,35.6912843,139.7700002
パークアクシス茅場町,東京都中央区新川1丁目26-6,東京メトロ日比谷線 茅場町駅 徒歩8分,https://image2.homes.jp/smallimg/image.php?file=http%3A%2F%2Fimage.homes.renters.jp%2F8f7766d8-fa64-4083-86b9-e06119bd31b6_property_picture_4104_large.jpg,東京メトロ日比谷線, 茅場町駅,8,35.6762194,139.7842829
パークアクシス茅場町,東京都中央区新川1丁目26-6, 東京メトロ日比谷線 八丁堀駅 徒歩6分,https://image2.homes.jp/smallimg/image.php?file=http%3A%2F%2Fimage.homes.renters.jp%2F8f7766d8-fa64-4083-86b9-e06119bd31b6_property_picture_4104_large.jpg, 東京メトロ日比谷線, 八丁堀駅,6,35.6762194,139.7842829
スカイコートパレス八丁堀,東京都中央区新川2丁目12-4,東京メトロ日比谷線 八丁堀駅 徒歩5分,https://image4.homes.jp/smallimg/image.php?file=http%3A%2F%2Fimg.homes.jp%2F117815%2Frent%2F28220%2F2%2F1%2F7j6m.jpg,東京メトロ日比谷線, 八丁堀駅,5,35.6754846,139.7816429
スカイコートパレス八丁堀,東京都中央区新川2丁目12-4, 東京メトロ東西線 茅場町駅 徒歩6分,https://image4.homes.jp/smallimg/image.php?file=http%3A%2F%2Fimg.homes.jp%2F117815%2Frent%2F28220%2F2%2F1%2F7j6m.jpg, 東京メトロ東西線, 茅場町駅,6,35.6754846,139.7816429
プランドール水天宮,東京都中央区日本橋蛎殻町2丁目2-2,東京メトロ半蔵門線 水天宮前駅 徒歩2分,https://image3.homes.jp/smallimg/image.php?file=http%3A%2F%2Fimg.homes.jp%2F125880%2Frent%2F33764%2F2%2F2%2Fohb5.jpg,東京メトロ半蔵門線, 水天宮前駅,2,35.6826788,139.7857873
プランドール水天宮,東京都中央区日本橋蛎殻町2丁目2-2, 東京メトロ日比谷線 人形町駅 徒歩6分,https://image3.homes.jp/smallimg/image.php?file=http%3A%2F%2Fimg.homes.jp%2F125880%2Frent%2F33764%2F2%2F2%2Fohb5.jpg, 東京メトロ日比谷線, 人形町駅,6,35.6826788,139.7857873
門前仲町レジデンス弐番館,東京都江東区永代2丁目32-3,東京メトロ東西線 門前仲町駅 徒歩4分,https://image3.homes.jp/smallimg/image.php?file=http%3A%2F%2Fimg.homes.jp%2F149488%2Frent%2F2802%2F2%2F1%2Frhna.jpg,東京メトロ東西線, 門前仲町駅,4,35.6739965,139.7927087
門前仲町レジデンス弐番館,東京都江東区永代2丁目32-3, JR京葉線 越中島駅 徒歩13分,https://image3.homes.jp/smallimg/image.php?file=http%3A%2F%2Fimg.homes.jp%2F149488%2Frent%2F2802%2F2%2F1%2Frhna.jpg, JR京葉線, 越中島駅,13,35.6739965,139.7927087
ジェノヴィア水天宮前2スカイガーデン,東京都中央区日本橋中洲10-7,東京メトロ半蔵門線 水天宮前駅 徒歩7分,https://image2.homes.jp/smallimg/image.php?file=http%3A%2F%2Fimage.homes.renters.jp%2Fe4f25e68-7c9d-42b7-b90a-a5d1a3e7dff1_property_picture_4104_large.jpg,東京メトロ半蔵門線, 水天宮前駅,7,35.683816,139.7911455
ジェノヴィア水天宮前2スカイガーデン,東京都中央区日本橋中洲10-7, 都営新宿線 浜町駅 徒歩7分,https://image2.homes.jp/smallimg/image.php?file=http%3A%2F%2Fimage.homes.renters.jp%2Fe4f25e68-7c9d-42b7-b90a-a5d1a3e7dff1_property_picture_4104_large.jpg, 都営新宿線, 浜町駅,7,35.683816,139.7911455
Ｌｏｇ銀座東（ログ銀座東）,東京都中央区新富1丁目17-9,東京メトロ有楽町線 新富町駅 徒歩2分,https://image2.homes.jp/smallimg/image.php?file=http%3A%2F%2Fimg.homes.jp%2F134690%2Frent%2F21625%2F2%2F1%2Fm30e.jpg,東京メトロ有楽町線, 新富町駅,2,35.6718279,139.7752921
Ｌｏｇ銀座東（ログ銀座東）,東京都中央区新富1丁目17-9, 東京メトロ日比谷線 八丁堀駅 徒歩6分,https://image2.homes.jp/smallimg/image.php?file=http%3A%2F%2Fimg.homes.jp%2F134690%2Frent%2F21625%2F2%2F1%2Fm30e.jpg, 東京メトロ日比谷線, 八丁堀駅,6,35.6718279,139.7752921
ププレMIYA八丁堀,東京都中央区八丁堀2丁目28-10,東京メトロ日比谷線 八丁堀駅 徒歩1分,https://image1.homes.jp/smallimg/image.php?file=http%3A%2F%2Fimg.homes.jp%2F124352%2Frent%2F32255%2F2%2F1%2Fines.jpg,東京メトロ日比谷線, 八丁堀駅,1,35.6756403,139.7783284
ププレMIYA八丁堀,東京都中央区八丁堀2丁目28-10, 東京メトロ東西線 茅場町駅 徒歩6分,https://image1.homes.jp/smallimg/image.php?file=http%3A%2F%2Fimg.homes.jp%2F124352%2Frent%2F32255%2F2%2F1%2Fines.jpg, 東京メトロ東西線, 茅場町駅,6,35.6756403,139.7783284
門前仲町レジデンス伍番館,東京都江東区門前仲町1丁目,東京メトロ東西線 門前仲町駅 徒歩3分,https://image1.homes.jp/smallimg/image.php?file=http%3A%2F%2Fimage.homes.renters.jp%2Fbbdfc4d0-97b0-42d6-93f2-67cafef5b041_property_picture_3132_large.jpg,東京メトロ東西線, 門前仲町駅,3,35.6728881,139.7942868
門前仲町レジデンス伍番館,東京都江東区門前仲町1丁目, JR京葉線 越中島駅 徒歩12分,https://image1.homes.jp/smallimg/image.php?file=http%3A%2F%2Fimage.homes.renters.jp%2Fbbdfc4d0-97b0-42d6-93f2-67cafef5b041_property_picture_3132_large.jpg, JR京葉線, 越中島駅,12,35.6728881,139.7942868
オープンレジデンシア銀座二丁目,東京都中央区銀座2丁目16-16,東京メトロ銀座線 銀座駅 徒歩7分,https://image2.homes.jp/smallimg/image.php?file=http%3A%2F%2Fimg.homes.jp%2F138612%2Frent%2F198132%2F2%2F2%2Fmq75.jpg,東京メトロ銀座線, 銀座駅,7,35.67116310000001,139.7704994
オープンレジデンシア銀座二丁目,東京都中央区銀座2丁目16-16, 東京メトロ有楽町線 新富町駅 徒歩4分,https://image2.homes.jp/smallimg/image.php?file=http%3A%2F%2Fimg.homes.jp%2F138612%2Frent%2F198132%2F2%2F2%2Fmq75.jpg, 東京メトロ有楽町線, 新富町駅,4,35.67116310000001,139.7704994
パークウッドレジデンス日本橋,東京都中央区日本橋堀留町2丁目5-10,東京メトロ日比谷線 小伝馬町駅 徒歩3分,https://image1.homes.jp/smallimg/image.php?file=http%3A%2F%2Fimage.homes.renters.jp%2F4218edb6-35bf-4b63-9434-043120880ef0_property_picture_4104_large.jpg,東京メトロ日比谷線, 小伝馬町駅,3,35.6896297,139.7806843
パークウッドレジデンス日本橋,東京都中央区日本橋堀留町2丁目5-10, 都営浅草線 人形町駅 徒歩5分,https://image1.homes.jp/smallimg/image.php?file=http%3A%2F%2Fimage.homes.renters.jp%2F4218edb6-35bf-4b63-9434-043120880ef0_property_picture_4104_large.jpg, 都営浅草線, 人形町駅,5,35.6896297,139.7806843
ブレシア日本橋蛎殻町,東京都中央区日本橋蛎殻町1丁目25-5,東京メトロ半蔵門線 水天宮前駅 徒歩3分,https://image3.homes.jp/smallimg/image.php?file=http%3A%2F%2Fimage.homes.renters.jp%2Fd339cb82-7304-47c9-99f0-356a920355a2_property_picture_4104_large.jpg,東京メトロ半蔵門線, 水天宮前駅,3,35.6819698,139.7840397
ブレシア日本橋蛎殻町,東京都中央区日本橋蛎殻町1丁目25-5, 東京メトロ日比谷線 人形町駅 徒歩6分,https://image3.homes.jp/smallimg/image.php?file=http%3A%2F%2Fimage.homes.renters.jp%2Fd339cb82-7304-47c9-99f0-356a920355a2_property_picture_4104_large.jpg, 東京メトロ日比谷線, 人形町駅,6,35.6819698,139.7840397
グランドコンシェルジュ日本橋,東京都中央区日本橋蛎殻町1丁目9-3,東京メトロ半蔵門線 水天宮前駅 徒歩3分,https://image3.homes.jp/smallimg/image.php?file=http%3A%2F%2Fimg.homes.jp%2F149488%2Frent%2F2512%2F2%2F1%2F9c4q.jpg,東京メトロ半蔵門線, 水天宮前駅,3,35.6832231,139.7812929
グランドコンシェルジュ日本橋,東京都中央区日本橋蛎殻町1丁目9-3, 東京メトロ日比谷線 人形町駅 徒歩5分,https://image3.homes.jp/smallimg/image.php?file=http%3A%2F%2Fimg.homes.jp%2F149488%2Frent%2F2512%2F2%2F1%2F9c4q.jpg, 東京メトロ日比谷線, 人形町駅,5,35.6832231,139.7812929
Liaison銀座一丁目（リエゾン銀座一丁目）,東京都中央区銀座1丁目24-2,東京メトロ有楽町線 新富町駅 徒歩4分,https://image.homes.jp/smallimg/image.php?file=http%3A%2F%2Fimg.homes.jp%2F150614%2Frent%2F2554%2F2%2F1%2Fz4i8.jpg,東京メトロ有楽町線, 新富町駅,4,35.6726754,139.7714979
Liaison銀座一丁目（リエゾン銀座一丁目）,東京都中央区銀座1丁目24-2, 都営浅草線 宝町駅 徒歩5分,https://image.homes.jp/smallimg/image.php?file=http%3A%2F%2Fimg.homes.jp%2F150614%2Frent%2F2554%2F2%2F1%2Fz4i8.jpg, 都営浅草線, 宝町駅,5,35.6726754,139.7714979
エステムプラザ日本橋弐番館,東京都中央区日本橋浜町3丁目36-8,東京メトロ半蔵門線 水天宮前駅 徒歩8分,https://image4.homes.jp/smallimg/image.php?file=http%3A%2F%2Fimg.homes.jp%2F101709%2Frent%2F101175%2F2%2F1%2Fyadr.jpg,東京メトロ半蔵門線, 水天宮前駅,8,35.6850891,139.7911106
エステムプラザ日本橋弐番館,東京都中央区日本橋浜町3丁目36-8, 都営新宿線 浜町駅 徒歩6分,https://image4.homes.jp/smallimg/image.php?file=http%3A%2F%2Fimg.homes.jp%2F101709%2Frent%2F101175%2F2%2F1%2Fyadr.jpg, 都営新宿線, 浜町駅,6,35.6850891,139.7911106
セイラン水天宮前,東京都中央区日本橋蛎殻町1丁目35-5,東京メトロ半蔵門線 水天宮前駅 徒歩1分,https://image2.homes.jp/smallimg/image.php?file=http%3A%2F%2Fimage.homes.renters.jp%2F4dacc086-c42d-42df-88e5-c23483c4f246_property_picture_4104_large.jpg,東京メトロ半蔵門線, 水天宮前駅,1,35.6817455,139.786077
セイラン水天宮前,東京都中央区日本橋蛎殻町1丁目35-5, 東京メトロ日比谷線 人形町駅 徒歩7分,https://image2.homes.jp/smallimg/image.php?file=http%3A%2F%2Fimage.homes.renters.jp%2F4dacc086-c42d-42df-88e5-c23483c4f246_property_picture_4104_large.jpg, 東京メトロ日比谷線, 人形町駅,7,35.6817455,139.786077
ＴＨＥ　ＴＯＫＹＯ　ＴＯＷＥＲＳ　ＳＥＡ　ＴＯＷＥＲ,東京都中央区勝どき6丁目,都営大江戸線 勝どき駅 徒歩7分,https://image4.homes.jp/smallimg/image.php?file=http%3A%2F%2Fimg.homes.jp%2F133481%2Frent%2F1248%2F2%2F2%2Fpou4.jpg,都営大江戸線, 勝どき駅,7,35.6550953,139.7735148
ＴＨＥ　ＴＯＫＹＯ　ＴＯＷＥＲＳ　ＳＥＡ　ＴＯＷＥＲ,東京都中央区勝どき6丁目, JR山手線 東京駅 バス21分 新島橋下車 徒歩3分,https://image4.homes.jp/smallimg/image.php?file=http%3A%2F%2Fimg.homes.jp%2F133481%2Frent%2F1248%2F2%2F2%2Fpou4.jpg, JR山手線, 東京駅,3,35.6550953,139.7735148
クアトロアルカ九段,東京都千代田区九段北1丁目7-8,東京メトロ東西線 九段下駅 徒歩5分,https://image2.homes.jp/smallimg/image.php?file=http%3A%2F%2Fimage.homes.renters.jp%2F9bd17f4d-48e9-4598-92de-c7d1fb32550c_property_picture_4104_large.jpg,東京メトロ東西線, 九段下駅,5,35.6971757,139.7518659
クアトロアルカ九段,東京都千代田区九段北1丁目7-8, JR総武線 飯田橋駅 徒歩8分,https://image2.homes.jp/smallimg/image.php?file=http%3A%2F%2Fimage.homes.renters.jp%2F9bd17f4d-48e9-4598-92de-c7d1fb32550c_property_picture_4104_large.jpg, JR総武線, 飯田橋駅,8,35.6971757,139.7518659
メイクスデザイン茅場町,東京都中央区新川1丁目15-7,東京メトロ東西線 茅場町駅 徒歩6分,https://image2.homes.jp/smallimg/image.php?file=http%3A%2F%2Fimg.homes.jp%2F149488%2Frent%2F2678%2F2%2F1%2Fz2vi.jpg,東京メトロ東西線, 茅場町駅,6,35.6768474,139.7835189
メイクスデザイン茅場町,東京都中央区新川1丁目15-7, JR京葉線 八丁堀駅 徒歩8分,https://image2.homes.jp/smallimg/image.php?file=http%3A%2F%2Fimg.homes.jp%2F149488%2Frent%2F2678%2F2%2F1%2Fz2vi.jpg, JR京葉線, 八丁堀駅,8,35.6768474,139.7835189
ＩＳＬＡ　ＶＩＳＴＡ日本橋,東京都中央区日本橋小伝馬町,JR総武本線 馬喰町駅 徒歩3分,https://image.homes.jp/smallimg/image.php?file=https%3A%2F%2Fimg-dk.s3-ap-northeast-1.amazonaws.com%2Fimg%2FiRoom%2F4066%2F4066553%2F4066553_2.jpg,JR総武本線, 馬喰町駅,3,35.6915854,139.7786272
ＩＳＬＡ　ＶＩＳＴＡ日本橋,東京都中央区日本橋小伝馬町, 東京メトロ日比谷線 小伝馬町駅 徒歩3分,https://image.homes.jp/smallimg/image.php?file=https%3A%2F%2Fimg-dk.s3-ap-northeast-1.amazonaws.com%2Fimg%2FiRoom%2F4066%2F4066553%2F4066553_2.jpg, 東京メトロ日比谷線, 小伝馬町駅,3,35.6915854,139.7786272
エステムプラザ日本橋,東京都中央区日本橋蛎殻町1丁目6-4,東京メトロ半蔵門線 水天宮前駅 徒歩3分,https://image2.homes.jp/smallimg/image.php?file=http%3A%2F%2Fimg.homes.jp%2F101709%2Frent%2F101172%2F2%2F1%2F8u5f.jpg,東京メトロ半蔵門線, 水天宮前駅,3,35.6824266,139.7821356
エステムプラザ日本橋,東京都中央区日本橋蛎殻町1丁目6-4, 東京メトロ日比谷線 茅場町駅 徒歩5分,https://image2.homes.jp/smallimg/image.php?file=http%3A%2F%2Fimg.homes.jp%2F101709%2Frent%2F101172%2F2%2F1%2F8u5f.jpg, 東京メトロ日比谷線, 茅場町駅,5,35.6824266,139.7821356
リバーパーク門前仲町,東京都江東区佐賀1丁目7-1,都営大江戸線 門前仲町駅 徒歩10分,https://image.homes.jp/smallimg/image.php?file=http%3A%2F%2Fimg.homes.jp%2F150614%2Frent%2F2565%2F2%2F1%2Ftlvw.jpg,都営大江戸線, 門前仲町駅,10,35.676711,139.7892729
リバーパーク門前仲町,東京都江東区佐賀1丁目7-1, 東京メトロ日比谷線 茅場町駅 徒歩10分,https://image.homes.jp/smallimg/image.php?file=http%3A%2F%2Fimg.homes.jp%2F150614%2Frent%2F2565%2F2%2F1%2Ftlvw.jpg, 東京メトロ日比谷線, 茅場町駅,10,35.676711,139.7892729
チェスターコート御茶ノ水,東京都千代田区神田小川町3丁目2-66,都営新宿線 小川町駅 徒歩3分,https://image2.homes.jp/smallimg/image.php?file=http%3A%2F%2Fimage.homes.renters.jp%2F8fabdaba-47ad-47f0-b865-6a1857af68f5_property_picture_4104_large.jpg,都営新宿線, 小川町駅,3,35.6949162,139.7629118
チェスターコート御茶ノ水,東京都千代田区神田小川町3丁目2-66, 東京メトロ千代田線 新御茶ノ水駅 徒歩3分,https://image2.homes.jp/smallimg/image.php?file=http%3A%2F%2Fimage.homes.renters.jp%2F8fabdaba-47ad-47f0-b865-6a1857af68f5_property_picture_4104_large.jpg, 東京メトロ千代田線, 新御茶ノ水駅,3,35.6949162,139.7629118
キャピタル永代,東京都江東区永代2丁目37-18,東京メトロ東西線 門前仲町駅 徒歩10分,https://image4.homes.jp/smallimg/image.php?file=http%3A%2F%2Fimage.homes.renters.jp%2F6b7ba429-ea46-47bd-b8cc-3e983b32a7f6_property_picture_4104_large.jpg,東京メトロ東西線, 門前仲町駅,10,35.6750773,139.7929883
キャピタル永代,東京都江東区永代2丁目37-18, JR京葉線 越中島駅 徒歩13分,https://image4.homes.jp/smallimg/image.php?file=http%3A%2F%2Fimage.homes.renters.jp%2F6b7ba429-ea46-47bd-b8cc-3e983b32a7f6_property_picture_4104_large.jpg, JR京葉線, 越中島駅,13,35.6750773,139.7929883
ZOOM九段下,東京都千代田区九段北1丁目7-10,東京メトロ東西線 九段下駅 徒歩3分,https://image4.homes.jp/smallimg/image.php?file=http%3A%2F%2Fimg.homes.jp%2F101709%2Frent%2F97368%2F2%2F1%2Fp3rn.jpg,東京メトロ東西線, 九段下駅,3,35.6971986,139.7519745
ZOOM九段下,東京都千代田区九段北1丁目7-10, JR総武線 水道橋駅 徒歩9分,https://image4.homes.jp/smallimg/image.php?file=http%3A%2F%2Fimg.homes.jp%2F101709%2Frent%2F97368%2F2%2F1%2Fp3rn.jpg, JR総武線, 水道橋駅,9,35.6971986,139.7519745
モノトーノ門前仲町,東京都江東区永代2丁目10-6,東京メトロ東西線 門前仲町駅 徒歩5分,https://image.homes.jp/smallimg/image.php?file=http%3A%2F%2Fimg.homes.jp%2F149083%2Frent%2F2745%2F2%2F1%2Fgomn.jpg,東京メトロ東西線, 門前仲町駅,5,35.6735757,139.7910307
モノトーノ門前仲町,東京都江東区永代2丁目10-6, JR京葉線 越中島駅 徒歩10分,https://image.homes.jp/smallimg/image.php?file=http%3A%2F%2Fimg.homes.jp%2F149083%2Frent%2F2745%2F2%2F1%2Fgomn.jpg, JR京葉線, 越中島駅,10,35.6735757,139.7910307
パークホームズ千代田淡路町,東京都千代田区神田須田町1丁目,東京メトロ銀座線 神田駅 徒歩2分,https://image.homes.jp/smallimg/image.php?file=http%3A%2F%2Fimg.homes.jp%2F120119%2Frent%2F3018%2F2%2F2%2Ffblm.jpg,東京メトロ銀座線, 神田駅,2,35.6942713,139.7706614
パークホームズ千代田淡路町,東京都千代田区神田須田町1丁目, JR山手線 神田駅 徒歩5分,https://image.homes.jp/smallimg/image.php?file=http%3A%2F%2Fimg.homes.jp%2F120119%2Frent%2F3018%2F2%2F2%2Ffblm.jpg, JR山手線, 神田駅,5,35.6942713,139.7706614
シルト築地,東京都中央区築地6丁目6-6,東京メトロ日比谷線 築地駅 徒歩5分,https://image4.homes.jp/smallimg/image.php?file=http%3A%2F%2Fimage.homes.renters.jp%2Ff2917526-d1b6-4e07-9062-9dc7d6ef059d_property_picture_4104_large.jpg,東京メトロ日比谷線, 築地駅,5,35.66525060000001,139.7734049
シルト築地,東京都中央区築地6丁目6-6, 東京メトロ有楽町線 新富町駅 徒歩9分,https://image4.homes.jp/smallimg/image.php?file=http%3A%2F%2Fimage.homes.renters.jp%2Ff2917526-d1b6-4e07-9062-9dc7d6ef059d_property_picture_4104_large.jpg, 東京メトロ有楽町線, 新富町駅,9,35.66525060000001,139.7734049
アクアキューブ銀座東,東京都中央区築地6丁目,東京メトロ日比谷線 築地駅 徒歩6分,https://image3.homes.jp/smallimg/image.php?file=http%3A%2F%2Fimg.homes.jp%2F150011%2Frent%2F5920%2F2%2F1%2Fxl40.jpg,東京メトロ日比谷線, 築地駅,6,35.664281,139.7735148
アクアキューブ銀座東,東京都中央区築地6丁目, 都営大江戸線 築地市場駅 徒歩8分,https://image3.homes.jp/smallimg/image.php?file=http%3A%2F%2Fimg.homes.jp%2F150011%2Frent%2F5920%2F2%2F1%2Fxl40.jpg, 都営大江戸線, 築地市場駅,8,35.664281,139.7735148
